SITE_ID,REGION,VEG_TYPE,TREATMENT,ELEV,SLOPE,CANOPY_COVER,PRE_BIOMASS,POST_BIOMASS,PRE_SM,POST_SM,PRE_TEMP,POST_TEMP
1,SouthForest,Pine,Intervention,348.3,11.97,46.4,123.19,106.03,31.24,35.08,21.58,21.6
2,EastForest,Mixed,Control,514.8,3.95,41.8,125.28,115.39,28.52,31.01,17.82,18.1
3,WestForest,Mixed,Intervention,406.1,6.06,74.0,141.82,130.69,24.62,26.12,14.63,14.96
4,WestForest,Scrub,Control,393.2,16.18,57.9,96.71,96.01,29.12,29.09,19.2,18.8
5,SouthForest,Mixed,Control,567.1,5.63,38.0,90.31,72.56,17.42,18.3,17.22,16.85
6,SouthForest,Oak,Control,406.7,3.09,56.9,106.43,100.69,21.83,22.06,24.99,25.2
7,WestForest,Oak,Control,571.7,0.64,43.7,133.82,131.79,27.0,26.03,20.9,21.37
8,WestForest,Scrub,Intervention,347.9,6.97,57.8,120.7,110.92,21.68,24.36,16.6,16.66
9,SouthForest,Pine,Intervention,388.4,2.33,66.6,149.89,143.04,29.67,30.74,21.92,21.95
10,NorthForest,Mixed,Control,577.1,9.05,67.6,61.96,61.76,24.73,25.03,15.48,16.49
11,EastForest,Mixed,Intervention,472.3,11.43,68.4,93.32,81.27,21.13,21.55,10.63,10.18
12,SouthForest,Mixed,Control,424.1,3.17,17.8,116.52,117.97,15.45,16.43,13.93,12.6
13,NorthForest,Pine,Control,504.6,18.46,75.5,109.42,109.19,35.55,37.23,19.97,21.02
14,EastForest,Pine,Intervention,460.6,5.95,74.2,147.04,138.71,27.67,30.3,18.46,19.85
15,EastForest,Oak,Control,238.6,11.35,77.2,125.21,115.42,30.65,29.31,23.69,24.21
16,EastForest,Pine,Intervention,422.7,2.75,25.9,137.09,121.2,37.15,41.67,14.59,14.66
17,WestForest,Oak,Intervention,398.3,1.77,51.1,130.48,112.62,18.74,21.18,19.75,19.96
18,EastForest,Oak,Intervention,261.1,16.6,57.2,103.27,94.22,24.34,28.65,20.05,19.39
19,WestForest,Mixed,Intervention,415.5,8.63,63.4,144.46,127.57,24.58,27.39,20.73,20.51
20,SouthForest,Mixed,Control,622.2,2.59,59.8,95.53,87.3,21.88,21.4,19.29,20.09
21,EastForest,Oak,Control,440.3,1.69,35.7,122.7,111.46,23.83,25.4,16.93,18.0
22,SouthForest,Oak,Control,401.2,6.12,77.0,126.44,124.12,35.81,36.04,21.54,22.86
23,EastForest,Mixed,Control,382.0,9.38,87.4,123.05,124.11,36.96,39.77,13.66,12.66
24,SouthForest,Oak,Intervention,383.7,0.86,70.1,103.64,95.21,20.15,20.89,23.34,22.56
25,NorthForest,Oak,Control,319.1,3.56,74.9,93.22,87.24,29.2,30.2,24.36,24.72
26,WestForest,Pine,Intervention,580.6,3.19,68.8,100.15,87.21,27.33,30.97,20.43,19.97
27,SouthForest,Oak,Control,374.0,11.64,90.5,148.05,141.3,29.19,27.49,20.23,20.28
28,WestForest,Oak,Control,606.8,1.01,40.8,65.96,59.86,30.18,32.14,18.36,18.2
29,EastForest,Mixed,Control,396.8,1.42,57.7,136.5,134.69,36.09,34.55,22.01,21.88
30,EastForest,Oak,Intervention,492.7,2.69,76.4,145.9,137.13,33.66,36.69,17.61,17.28
31,SouthForest,Oak,Intervention,304.6,5.75,61.7,103.2,91.64,18.74,22.83,19.79,20.5
32,SouthForest,Oak,Control,623.6,10.31,68.5,102.84,95.1,31.51,33.49,21.99,21.72
33,EastForest,Pine,Control,382.4,1.52,47.4,99.53,100.46,38.73,40.21,20.49,20.71
34,EastForest,Oak,Control,288.0,10.48,64.7,129.8,133.25,17.52,15.55,14.39,14.26
35,SouthForest,Oak,Control,502.0,1.5,36.3,99.71,90.31,28.2,29.03,14.72,15.38
36,NorthForest,Oak,Intervention,406.0,4.47,61.4,186.73,172.46,29.65,33.43,21.45,21.93
37,NorthForest,Scrub,Control,463.6,9.33,66.4,151.99,147.48,21.04,20.41,17.66,16.78
38,SouthForest,Mixed,Control,430.4,0.63,56.1,112.84,110.89,19.46,21.9,22.85,21.76
39,SouthForest,Oak,Intervention,532.5,2.19,68.3,142.03,134.64,26.58,28.42,18.02,18.73
40,NorthForest,Oak,Control,337.8,3.15,76.1,176.51,181.11,24.33,24.7,15.5,16.23
41,WestForest,Pine,Control,629.8,6.35,70.7,102.28,88.81,41.84,42.98,20.34,20.48
42,NorthForest,Oak,Intervention,338.6,7.36,58.9,109.39,90.57,23.89,27.88,16.1,15.63
43,WestForest,Scrub,Intervention,425.4,5.65,50.1,126.24,114.39,33.67,35.53,22.4,20.96
44,NorthForest,Pine,Intervention,623.9,9.02,53.9,107.67,94.67,13.12,16.89,10.96,12.42
45,WestForest,Pine,Intervention,538.5,2.04,60.9,93.87,85.92,28.39,31.09,16.99,18.73
46,SouthForest,Oak,Control,490.9,5.25,67.3,153.19,147.63,31.48,32.76,17.39,17.19
47,WestForest,Pine,Intervention,648.7,2.22,49.3,111.23,87.06,31.39,33.7,18.95,19.53
48,EastForest,Scrub,Control,509.5,14.58,40.3,106.71,106.14,29.59,30.16,18.42,17.53
49,WestForest,Pine,Control,459.2,4.67,83.7,112.74,98.19,22.98,25.34,16.74,16.15
50,SouthForest,Oak,Control,317.6,10.76,81.8,84.51,81.62,34.28,35.94,18.68,17.62
51,EastForest,Scrub,Intervention,521.6,5.46,53.2,110.11,95.3,36.98,40.7,22.85,21.74
52,SouthForest,Pine,Control,510.4,8.95,58.3,91.51,98.19,33.54,36.44,14.81,14.92
53,SouthForest,Mixed,Control,394.9,11.19,71.2,99.54,105.27,29.64,30.53,15.73,15.55
54,WestForest,Pine,Intervention,261.9,8.68,63.4,133.23,129.53,34.99,37.69,17.64,18.32
55,SouthForest,Mixed,Control,460.4,3.11,79.3,106.63,96.85,15.75,16.44,20.05,21.75
56,EastForest,Oak,Control,367.1,7.66,77.5,154.01,155.04,31.78,33.2,18.61,18.26
57,WestForest,Pine,Intervention,523.5,2.96,56.3,125.3,113.35,30.57,34.53,22.75,23.65
58,NorthForest,Oak,Intervention,388.3,3.85,54.4,119.67,99.97,37.93,43.01,14.98,15.14
59,EastForest,Oak,Control,684.9,3.83,70.7,128.92,134.91,23.49,28.42,22.01,23.23
60,NorthForest,Oak,Intervention,475.7,8.46,51.8,126.29,102.43,27.84,30.05,24.35,24.72
61,NorthForest,Oak,Intervention,570.8,5.2,71.1,142.11,130.2,30.2,33.39,20.97,22.12
62,WestForest,Mixed,Intervention,240.0,2.34,70.6,133.61,128.94,27.26,30.09,17.06,17.4
63,NorthForest,Mixed,Intervention,777.5,3.8,44.4,171.12,154.44,25.24,31.34,21.64,21.46
64,NorthForest,Mixed,Intervention,523.4,1.15,78.3,119.85,112.18,34.46,38.98,16.92,15.98
65,WestForest,Mixed,Intervention,234.5,2.98,82.8,74.82,60.18,27.94,34.02,19.05,18.75
66,WestForest,Mixed,Intervention,562.2,6.33,83.5,122.2,104.96,17.19,22.35,15.92,16.16
67,EastForest,Pine,Intervention,632.1,11.99,82.0,141.04,141.74,25.7,29.93,24.37,23.42
68,SouthForest,Mixed,Intervention,459.9,3.73,63.8,99.54,85.65,45.89,45.93,19.16,18.07
69,EastForest,Oak,Control,464.5,5.29,46.7,96.87,97.64,24.89,25.53,18.58,18.79
70,SouthForest,Pine,Intervention,491.1,5.07,72.7,138.83,131.8,23.97,24.51,22.66,21.99
71,WestForest,Oak,Intervention,624.5,6.74,89.2,87.51,76.58,23.71,24.44,19.43,19.28
72,SouthForest,Oak,Control,356.3,4.15,66.9,124.76,121.4,30.56,31.66,17.44,15.88
73,SouthForest,Oak,Intervention,293.7,11.03,66.0,126.75,108.93,20.29,24.62,18.3,17.86
74,WestForest,Pine,Intervention,485.8,3.69,65.3,130.37,115.97,19.68,24.71,16.34,17.83
75,SouthForest,Mixed,Control,399.3,9.08,83.2,161.46,151.96,21.95,23.32,24.55,24.64
76,SouthForest,Scrub,Intervention,404.0,0.55,58.3,145.87,131.52,29.3,33.06,19.81,20.07
77,NorthForest,Pine,Intervention,503.9,5.79,41.0,134.94,122.97,36.85,40.67,18.05,18.87
78,EastForest,Pine,Control,545.5,11.27,61.2,73.68,61.26,15.4,14.71,18.43,18.17
79,WestForest,Oak,Intervention,506.6,14.01,54.3,138.13,132.5,32.16,36.09,13.92,13.36
80,NorthForest,Mixed,Intervention,502.0,3.23,69.8,94.43,82.83,11.88,16.55,21.3,21.96
81,NorthForest,Pine,Intervention,506.9,7.41,67.1,133.51,118.91,22.07,23.5,21.88,21.36
82,NorthForest,Pine,Control,435.4,4.21,51.1,158.88,146.28,28.86,30.9,21.66,22.35
83,NorthForest,Pine,Control,465.2,10.64,61.4,112.79,115.62,25.25,27.28,15.43,14.85
84,SouthForest,Pine,Intervention,408.8,4.51,44.5,101.35,87.81,26.94,29.76,19.67,19.15
85,SouthForest,Mixed,Intervention,306.4,4.02,29.6,123.21,115.02,33.6,33.64,14.87,16.23
86,SouthForest,Oak,Intervention,416.1,17.34,62.6,96.92,80.69,28.29,32.13,22.67,21.5
87,EastForest,Mixed,Control,530.9,10.56,56.3,126.53,125.15,21.49,24.85,15.4,14.72
88,NorthForest,Pine,Intervention,309.9,3.68,59.7,96.31,77.07,23.01,26.51,23.92,24.81
89,NorthForest,Oak,Intervention,282.7,6.11,50.5,105.52,90.9,21.88,25.59,20.8,21.45
90,EastForest,Pine,Intervention,574.7,1.18,64.4,140.42,127.37,21.92,25.77,23.92,22.56
91,WestForest,Scrub,Intervention,581.1,4.34,93.9,172.58,170.4,26.11,30.24,17.63,17.6
92,EastForest,Pine,Intervention,407.8,2.83,50.9,99.11,103.65,16.05,18.92,17.98,18.34
93,NorthForest,Oak,Control,272.5,0.77,48.3,81.88,78.75,24.61,26.41,19.49,18.48
94,NorthForest,Mixed,Control,257.9,5.11,51.1,124.48,115.8,32.39,34.24,17.58,18.71
95,SouthForest,Pine,Control,553.7,3.02,42.1,108.57,100.51,31.23,31.37,17.7,16.59
96,WestForest,Mixed,Control,238.5,5.64,52.2,117.55,113.81,29.92,29.37,14.81,15.37
97,EastForest,Pine,Intervention,433.4,7.17,57.2,126.72,116.05,29.02,31.7,17.77,18.21
98,NorthForest,Mixed,Intervention,322.5,5.64,44.1,100.27,86.16,33.97,36.98,17.48,17.4
99,EastForest,Scrub,Intervention,422.0,5.02,82.1,114.59,99.06,29.65,34.2,15.9,16.32
100,EastForest,Mixed,Intervention,347.9,9.01,39.3,86.34,73.59,25.38,29.76,16.37,17.74
101,WestForest,Mixed,Intervention,284.2,4.32,53.9,121.22,103.72,33.67,39.5,16.4,14.82
102,EastForest,Mixed,Control,485.6,3.92,69.1,84.45,84.36,32.3,32.75,23.23,24.3
103,NorthForest,Mixed,Intervention,364.9,10.98,57.7,99.67,87.37,37.86,42.32,13.73,14.77
104,EastForest,Pine,Intervention,744.6,3.86,61.1,80.45,69.77,21.15,24.45,19.02,19.03
105,WestForest,Oak,Intervention,316.4,9.21,93.4,118.63,93.78,27.27,29.75,14.86,15.7
106,WestForest,Oak,Control,538.1,5.85,56.0,151.71,150.44,23.88,22.26,21.88,21.81
107,EastForest,Oak,Control,403.0,11.35,70.7,145.47,137.15,31.77,34.52,16.03,15.35
108,NorthForest,Pine,Control,304.3,7.33,41.8,117.23,112.79,33.29,36.39,16.66,17.34
109,EastForest,Pine,Intervention,371.0,7.42,79.9,113.43,100.54,33.45,35.85,19.59,18.89
110,SouthForest,Oak,Control,480.2,2.98,63.2,112.9,106.97,20.88,20.44,21.35,20.9
111,NorthForest,Oak,Intervention,579.0,2.85,49.9,90.93,76.12,34.37,37.23,16.69,17.39
112,EastForest,Scrub,Intervention,366.3,7.19,64.9,122.22,116.8,26.46,32.07,12.85,13.12
113,NorthForest,Oak,Intervention,587.5,3.39,43.5,167.75,157.82,24.92,28.96,18.86,20.09
114,EastForest,Pine,Intervention,401.8,10.17,43.0,115.37,99.91,19.1,21.06,17.38,16.87
115,SouthForest,Oak,Control,370.7,3.44,51.9,140.88,142.75,33.08,32.8,18.04,18.76
116,WestForest,Oak,Intervention,295.2,5.57,56.7,102.9,90.86,18.75,21.97,27.19,26.95
117,WestForest,Scrub,Control,420.6,1.67,59.2,115.1,114.04,20.82,19.54,17.45,17.02
118,WestForest,Oak,Control,489.0,5.85,63.7,125.65,122.14,39.76,39.48,16.81,17.27
119,NorthForest,Oak,Intervention,305.4,3.88,51.5,127.35,127.19,38.06,43.69,19.27,18.51
120,NorthForest,Scrub,Intervention,375.4,2.14,67.2,120.5,107.2,30.65,33.17,14.86,16.73
121,NorthForest,Mixed,Control,532.3,2.55,71.8,149.78,145.83,17.12,20.38,22.9,23.23
122,NorthForest,Oak,Control,667.2,1.6,79.1,119.62,121.44,25.1,24.5,21.92,21.26
123,SouthForest,Scrub,Intervention,360.6,6.48,57.6,156.13,136.23,39.05,41.64,16.43,16.49
124,EastForest,Pine,Control,517.4,10.62,73.4,93.13,86.42,36.96,36.69,18.03,19.21
125,NorthForest,Mixed,Control,399.5,2.26,61.3,132.38,119.07,29.13,31.15,19.69,19.02
126,NorthForest,Oak,Intervention,217.3,16.18,49.0,112.04,102.67,24.62,28.22,14.47,14.39
127,WestForest,Oak,Control,399.3,3.72,67.9,136.3,136.11,39.74,38.92,22.26,23.04
128,SouthForest,Oak,Control,370.8,1.98,82.4,83.16,77.37,24.06,22.48,18.31,18.92
129,WestForest,Mixed,Intervention,431.3,5.84,51.0,105.92,95.98,34.53,37.27,21.38,20.2
130,SouthForest,Pine,Control,498.3,14.62,49.9,68.35,65.94,21.57,22.06,14.77,14.43
131,SouthForest,Scrub,Intervention,589.0,5.06,33.8,142.39,132.05,30.14,33.0,17.51,19.4
132,NorthForest,Pine,Intervention,293.9,6.34,34.5,81.97,82.84,21.1,24.03,23.25,23.34
133,NorthForest,Oak,Control,505.0,15.23,42.1,132.74,111.72,22.09,21.67,19.61,20.32
134,WestForest,Oak,Intervention,509.8,2.36,69.5,125.83,116.16,31.54,34.9,10.74,10.75
135,NorthForest,Oak,Intervention,614.3,5.36,32.3,90.27,79.46,20.15,23.77,21.51,21.95
136,SouthForest,Mixed,Intervention,672.0,7.24,69.0,146.64,133.89,33.96,36.62,11.96,10.48
137,WestForest,Oak,Intervention,472.6,1.13,54.4,135.98,120.09,35.25,38.27,18.22,18.37
138,SouthForest,Pine,Intervention,813.4,4.46,46.8,134.83,128.16,15.03,17.18,15.59,15.35
139,EastForest,Mixed,Control,498.9,7.89,65.2,103.14,96.63,24.86,27.07,24.54,24.9
140,NorthForest,Pine,Control,370.6,8.72,40.1,83.42,79.44,33.31,35.93,19.59,19.56
141,WestForest,Mixed,Intervention,456.0,8.24,82.2,82.78,61.5,25.39,29.02,20.06,20.19
142,WestForest,Mixed,Control,315.5,3.81,44.5,146.57,149.42,31.41,31.46,21.3,20.93
143,EastForest,Oak,Intervention,384.2,4.24,85.3,83.32,73.16,27.54,30.0,23.58,21.48
144,WestForest,Pine,Control,522.7,2.43,82.4,112.29,104.1,26.7,28.66,21.68,22.34
145,EastForest,Pine,Control,332.4,8.21,69.4,126.82,129.38,25.52,27.44,15.72,16.77
146,WestForest,Pine,Intervention,539.2,14.31,43.8,107.88,97.64,31.38,34.96,17.81,18.42
147,WestForest,Oak,Control,445.7,9.74,67.9,179.7,168.85,5.5,6.49,18.17,18.43
148,WestForest,Pine,Control,214.0,11.79,65.9,128.32,130.22,28.02,27.72,22.25,21.8
149,SouthForest,Mixed,Intervention,459.4,12.18,64.1,129.27,121.7,8.55,12.81,11.66,10.19
150,SouthForest,Pine,Intervention,276.0,3.51,61.8,133.06,121.81,37.93,43.23,16.6,17.55
151,WestForest,Mixed,Intervention,219.3,9.04,79.3,109.37,100.9,21.73,26.56,16.52,17.58
152,WestForest,Oak,Control,472.5,2.87,39.4,129.04,129.75,19.6,19.51,13.85,14.03
153,EastForest,Oak,Control,515.8,5.93,47.5,160.23,157.86,37.84,40.52,17.23,17.06
154,SouthForest,Mixed,Intervention,583.1,0.36,40.5,138.03,115.94,31.29,34.26,21.95,20.79
155,NorthForest,Oak,Control,341.3,13.86,64.3,138.82,140.02,31.75,31.79,17.19,16.98
156,SouthForest,Mixed,Control,395.3,9.07,83.0,120.3,120.4,18.22,17.38,18.84,18.47
157,WestForest,Pine,Control,344.1,3.09,38.8,97.99,92.0,27.91,26.75,22.84,22.07
158,EastForest,Oak,Intervention,448.9,3.27,65.4,134.6,124.98,36.19,39.94,20.63,20.71
159,WestForest,Oak,Control,513.2,6.75,93.8,126.38,119.2,18.24,17.23,20.91,20.55
160,WestForest,Scrub,Intervention,338.9,1.51,33.7,161.93,142.07,43.37,46.34,15.8,16.01
161,WestForest,Oak,Intervention,567.0,1.9,76.3,131.45,119.51,26.8,29.34,19.98,20.56
162,SouthForest,Oak,Control,265.9,5.49,57.8,47.06,35.31,29.14,27.19,16.65,17.14
163,SouthForest,Mixed,Control,304.0,2.16,61.6,58.56,50.47,38.26,38.35,18.16,19.25
164,WestForest,Mixed,Control,425.7,6.43,81.7,161.16,173.19,25.24,27.3,20.68,22.47
165,WestForest,Pine,Control,420.0,5.54,42.6,138.37,125.19,30.13,31.06,24.14,23.83
166,SouthForest,Pine,Control,542.4,1.12,61.2,130.2,124.93,29.58,29.87,15.43,15.99
167,NorthForest,Pine,Control,483.4,2.36,52.8,121.81,118.17,28.48,28.78,17.53,17.91
168,SouthForest,Pine,Intervention,466.5,12.62,24.3,92.59,86.43,19.81,23.37,14.32,15.61
169,EastForest,Pine,Control,435.9,10.48,60.9,120.7,113.35,29.72,30.73,16.36,15.61
170,SouthForest,Oak,Intervention,584.3,6.13,53.9,155.26,142.09,41.72,46.45,16.87,16.98
171,EastForest,Pine,Control,653.5,3.86,40.3,151.9,164.91,35.05,30.04,18.19,19.67
172,NorthForest,Pine,Intervention,264.3,5.53,65.6,108.06,100.34,17.87,19.65,19.4,19.48
173,WestForest,Mixed,Control,540.9,7.02,64.6,100.2,100.16,37.97,40.17,21.88,22.4
174,EastForest,Oak,Control,557.3,0.23,66.7,126.84,122.2,18.39,20.46,12.32,12.55
175,NorthForest,Oak,Intervention,372.9,11.15,59.8,79.53,79.69,32.96,34.98,18.41,17.15
176,WestForest,Oak,Control,223.0,2.09,59.9,100.58,100.14,35.0,34.1,17.31,16.8
177,SouthForest,Pine,Intervention,506.1,1.9,75.7,125.77,110.38,21.65,23.71,16.39,16.96
178,WestForest,Pine,Intervention,431.7,4.38,65.4,107.1,93.96,25.14,27.75,19.35,18.7
179,EastForest,Pine,Intervention,354.6,3.31,61.2,97.03,90.57,29.81,32.61,14.28,14.38
180,WestForest,Oak,Control,335.4,4.3,52.2,131.66,128.3,26.85,28.21,14.29,14.14
181,WestForest,Mixed,Intervention,538.0,7.77,52.0,132.92,118.5,27.51,31.29,18.07,18.33
182,NorthForest,Pine,Control,375.3,1.88,67.3,139.81,136.06,16.39,16.39,17.01,16.72
183,EastForest,Oak,Intervention,249.8,2.6,27.7,128.67,117.08,24.65,29.18,20.68,20.9
184,EastForest,Oak,Intervention,197.1,2.15,44.5,108.29,93.4,29.17,30.65,21.18,20.42
185,SouthForest,Mixed,Intervention,507.4,10.46,59.9,116.74,100.05,39.33,46.8,19.79,20.79
186,WestForest,Pine,Control,452.0,3.52,81.1,133.7,136.65,19.19,19.06,21.81,21.43
187,SouthForest,Mixed,Control,447.8,10.62,49.2,108.84,112.0,22.71,24.31,18.66,18.26
188,NorthForest,Mixed,Intervention,591.4,10.61,24.8,120.16,105.05,29.17,31.5,12.05,11.64
189,NorthForest,Pine,Control,659.0,4.8,39.7,146.05,140.42,34.89,36.05,13.56,14.7
190,WestForest,Mixed,Intervention,488.1,2.03,53.0,134.19,124.18,28.98,31.8,15.4,15.09
191,WestForest,Mixed,Intervention,412.9,4.98,68.4,116.38,89.17,36.53,37.75,17.76,18.07
192,SouthForest,Scrub,Control,388.1,2.46,57.9,123.89,116.38,21.91,20.57,22.71,22.48
193,EastForest,Mixed,Control,618.3,8.29,79.5,142.56,140.04,16.31,15.66,16.35,15.12
194,EastForest,Scrub,Intervention,393.2,3.3,53.6,147.8,135.39,31.98,34.54,16.88,15.11
195,SouthForest,Scrub,Control,349.6,4.66,52.6,144.84,132.57,23.06,25.87,20.9,19.85
196,WestForest,Pine,Control,614.7,3.5,57.0,110.47,115.61,14.44,14.54,17.58,17.89
197,NorthForest,Oak,Intervention,576.8,11.8,71.4,106.2,86.5,37.45,39.9,24.57,24.33
198,EastForest,Mixed,Intervention,556.5,1.78,43.5,93.75,83.08,34.06,36.67,18.4,18.76
199,SouthForest,Oak,Control,468.8,2.39,28.7,124.41,116.48,26.79,25.13,24.62,24.58
200,WestForest,Mixed,Intervention,252.3,1.86,36.5,140.6,134.59,25.97,28.58,21.0,21.6
201,SouthForest,Pine,Intervention,293.2,5.07,59.7,139.43,133.84,27.14,33.24,21.92,21.35
202,WestForest,Oak,Intervention,287.9,12.11,64.9,86.75,65.88,24.16,24.01,13.78,14.06
203,WestForest,Pine,Intervention,488.8,4.09,44.5,110.15,101.88,36.81,40.45,16.81,17.39
204,NorthForest,Oak,Intervention,420.1,10.24,70.4,160.77,158.06,21.85,23.82,18.86,19.17
205,NorthForest,Pine,Intervention,456.4,7.41,59.7,123.31,105.68,28.22,32.18,22.46,21.7
206,NorthForest,Mixed,Intervention,502.1,3.7,50.8,158.35,151.84,21.85,26.03,22.77,23.34
207,EastForest,Scrub,Control,591.0,2.46,78.0,115.57,107.73,11.55,11.06,21.23,21.75
208,WestForest,Mixed,Intervention,438.7,7.97,73.0,91.4,76.83,28.64,32.62,20.74,21.25
209,SouthForest,Oak,Intervention,620.6,8.52,48.5,148.74,140.03,28.66,31.86,24.27,26.43
210,EastForest,Scrub,Intervention,491.3,4.95,83.6,123.79,118.74,27.11,28.05,16.32,16.19
211,EastForest,Mixed,Intervention,251.7,11.45,79.3,133.1,114.66,28.01,32.36,16.31,17.41
212,EastForest,Oak,Control,582.7,2.13,68.1,142.34,139.67,26.45,28.17,17.85,16.9
213,WestForest,Pine,Intervention,486.1,6.64,64.1,96.15,75.45,16.78,19.83,21.14,21.68
214,NorthForest,Scrub,Intervention,420.2,5.48,39.5,140.39,121.42,19.18,20.65,12.88,12.0
215,SouthForest,Oak,Intervention,414.0,16.9,32.9,92.12,81.45,30.81,31.36,17.82,17.76
216,WestForest,Oak,Intervention,542.8,2.24,42.3,172.93,163.76,29.09,33.6,16.84,16.31
217,WestForest,Mixed,Intervention,476.0,6.46,60.3,118.33,108.0,37.91,38.56,22.57,23.07
218,NorthForest,Oak,Control,400.1,1.73,60.9,101.02,97.72,33.74,33.19,19.43,18.33
219,EastForest,Mixed,Intervention,433.7,12.46,71.3,81.38,70.06,31.95,34.23,16.81,18.0
220,WestForest,Pine,Control,408.0,2.98,49.9,151.43,141.4,28.19,28.95,16.54,17.03
221,SouthForest,Mixed,Control,550.3,11.71,45.5,64.64,57.34,24.25,25.7,16.16,17.86
222,EastForest,Mixed,Intervention,433.0,5.73,87.9,118.99,102.64,33.62,35.54,25.77,26.53
223,NorthForest,Pine,Intervention,329.8,2.39,92.6,63.94,51.29,30.37,31.1,18.62,20.32
224,EastForest,Mixed,Intervention,309.3,6.59,81.3,127.64,111.07,23.22,25.72,17.85,18.51
225,EastForest,Pine,Intervention,305.0,8.85,54.8,163.54,157.02,31.91,34.41,21.22,21.79
226,WestForest,Mixed,Control,509.5,10.32,62.4,126.24,119.35,34.43,35.76,16.96,16.6
227,WestForest,Scrub,Intervention,505.0,5.72,74.6,138.22,126.26,27.17,31.66,19.15,20.47
228,EastForest,Pine,Intervention,474.1,3.15,63.6,116.01,98.31,19.79,21.42,18.81,18.66
229,SouthForest,Mixed,Control,346.6,10.03,58.3,142.4,137.78,21.9,22.5,17.68,17.14
230,EastForest,Oak,Control,535.4,8.5,53.9,127.49,127.1,30.15,31.77,16.03,15.24
231,EastForest,Oak,Intervention,546.7,9.43,65.6,135.21,114.2,28.01,29.3,21.39,21.1
232,EastForest,Mixed,Control,354.3,1.35,67.5,88.07,92.58,29.54,31.26,16.14,16.23
233,EastForest,Pine,Control,495.2,2.8,47.0,143.2,140.23,41.43,41.83,25.01,24.06
234,EastForest,Mixed,Intervention,413.1,2.57,75.4,102.06,94.45,24.22,27.22,14.9,14.39
235,EastForest,Oak,Control,466.3,2.44,66.0,137.02,138.0,34.56,38.25,19.77,21.81
236,WestForest,Oak,Control,516.9,13.75,55.8,157.01,149.89,11.14,11.23,20.0,19.87
237,EastForest,Oak,Intervention,471.6,9.62,67.4,182.09,163.11,27.65,30.72,19.51,18.28
238,NorthForest,Scrub,Intervention,386.5,3.95,28.6,161.38,149.37,26.49,26.91,14.33,13.62
239,WestForest,Pine,Intervention,192.8,5.88,51.2,106.25,91.82,38.73,40.72,18.76,19.28
240,NorthForest,Pine,Intervention,536.3,11.43,48.3,105.48,96.35,29.73,33.58,9.83,9.03
241,NorthForest,Pine,Intervention,337.8,1.45,57.6,107.8,87.2,19.97,22.6,22.08,20.55
242,SouthForest,Oak,Intervention,571.3,1.75,70.8,127.71,121.73,25.95,29.6,17.62,18.13
243,SouthForest,Pine,Intervention,539.2,3.05,64.5,127.54,114.87,43.38,48.14,14.85,15.8
244,EastForest,Oak,Control,567.8,10.92,93.4,122.8,116.7,25.15,28.0,23.16,23.15
245,NorthForest,Mixed,Control,428.0,4.11,56.0,140.18,132.9,37.6,38.18,15.28,15.88
246,WestForest,Oak,Intervention,581.5,13.61,83.9,97.47,80.66,24.26,25.41,13.0,12.44
247,WestForest,Mixed,Intervention,486.8,6.38,56.2,87.99,74.43,24.47,26.5,19.19,19.94
248,NorthForest,Oak,Intervention,318.3,3.74,71.3,76.56,65.18,18.45,20.5,13.33,12.49
249,SouthForest,Pine,Control,301.5,6.4,55.5,150.34,151.88,30.03,31.43,17.15,16.58
250,NorthForest,Scrub,Intervention,307.6,2.92,73.7,146.29,141.27,33.83,35.17,22.17,21.25
251,EastForest,Pine,Intervention,456.0,4.76,78.6,119.98,97.06,25.65,30.23,15.65,16.3
252,WestForest,Mixed,Intervention,371.2,10.22,58.2,163.64,145.87,16.63,20.39,18.29,18.62
253,WestForest,Mixed,Intervention,376.1,3.31,43.0,108.45,92.53,17.06,19.1,19.6,18.44
254,WestForest,Pine,Control,494.1,3.05,66.5,123.79,126.38,22.79,21.63,18.75,16.61
255,SouthForest,Pine,Control,464.4,7.37,70.6,118.71,107.35,34.19,32.66,13.74,13.73
256,NorthForest,Mixed,Control,699.3,12.37,56.7,131.99,124.82,27.05,29.54,17.15,17.87
257,NorthForest,Oak,Intervention,599.4,2.6,45.0,147.04,140.56,24.03,28.7,20.08,20.17
258,SouthForest,Oak,Intervention,615.8,6.53,70.0,114.22,103.5,24.54,26.54,25.88,25.59
259,WestForest,Pine,Intervention,502.2,3.74,77.2,87.11,76.23,30.39,34.0,18.63,19.05
260,NorthForest,Pine,Control,532.4,7.79,43.5,94.56,90.21,35.31,38.47,17.79,17.98
261,WestForest,Mixed,Intervention,556.8,5.25,82.5,91.94,80.43,23.4,25.49,20.0,19.8
262,NorthForest,Mixed,Intervention,376.8,5.4,34.0,74.69,56.1,27.31,28.09,17.04,18.37
263,NorthForest,Scrub,Control,543.1,7.79,100.0,133.69,127.83,37.59,38.05,12.78,12.65
264,EastForest,Oak,Control,363.9,3.36,60.9,90.62,82.76,24.68,25.98,17.73,19.16
265,EastForest,Scrub,Control,465.0,6.32,72.0,100.57,99.92,37.24,37.81,17.6,18.02
266,WestForest,Mixed,Intervention,435.0,2.28,74.5,108.13,96.54,26.54,27.69,16.93,16.78
267,SouthForest,Pine,Intervention,371.1,5.39,27.4,118.77,113.49,39.05,41.71,20.74,22.33
268,WestForest,Mixed,Intervention,640.6,4.35,72.6,148.27,148.1,15.23,14.42,17.64,17.21
269,EastForest,Oak,Control,562.9,2.35,60.4,126.51,124.38,22.38,23.25,18.31,17.82
270,WestForest,Pine,Intervention,413.0,1.14,39.7,116.43,100.61,18.75,23.54,11.42,11.72
271,EastForest,Oak,Intervention,542.3,5.16,48.4,138.18,122.45,29.46,33.46,17.41,17.62
272,NorthForest,Mixed,Intervention,482.3,1.84,47.0,99.6,86.17,26.74,28.04,16.28,17.35
273,EastForest,Scrub,Control,466.1,6.06,77.8,122.62,119.23,27.11,27.97,18.07,17.59
274,WestForest,Oak,Control,373.5,4.47,39.6,123.49,119.75,13.83,14.35,18.4,19.37
275,WestForest,Pine,Control,211.1,6.35,33.8,152.52,149.64,29.83,31.08,18.53,19.39
276,EastForest,Pine,Intervention,509.0,9.79,61.6,165.04,151.58,34.08,35.3,20.37,20.2
277,EastForest,Pine,Control,414.9,1.2,61.5,111.07,109.48,26.27,24.42,20.16,19.19
278,NorthForest,Mixed,Intervention,426.1,4.24,73.1,158.82,140.87,26.03,31.87,20.05,20.79
279,WestForest,Oak,Control,317.5,12.1,72.3,142.09,138.85,28.89,30.44,13.5,12.88
280,EastForest,Scrub,Intervention,426.1,8.63,57.4,102.51,94.3,35.85,40.49,15.34,16.98
281,EastForest,Scrub,Intervention,421.4,2.54,52.2,117.96,112.14,27.34,32.8,18.87,18.32
282,WestForest,Mixed,Intervention,397.2,20.69,44.9,147.85,140.25,12.96,15.36,24.14,24.44
283,WestForest,Mixed,Control,410.2,11.5,69.2,95.4,86.67,22.28,23.12,16.54,17.03
284,SouthForest,Mixed,Control,480.4,5.38,69.7,81.03,80.98,32.94,32.66,23.04,23.88
285,EastForest,Oak,Intervention,515.1,8.33,49.3,154.64,143.01,28.51,31.3,13.1,14.47
286,EastForest,Pine,Control,552.0,12.53,57.8,142.68,140.7,26.03,27.4,15.4,14.83
287,NorthForest,Mixed,Control,473.5,5.57,55.5,108.85,104.93,36.14,38.64,18.5,19.43
288,NorthForest,Pine,Control,492.6,10.65,81.3,87.52,86.66,31.39,32.34,19.21,18.62
289,SouthForest,Mixed,Intervention,653.1,7.8,100.0,145.91,132.71,23.95,28.04,21.77,22.26
290,EastForest,Pine,Control,588.6,7.98,64.4,117.62,124.62,16.92,16.4,17.18,17.59
291,EastForest,Mixed,Control,424.5,16.72,66.5,124.56,123.58,27.15,29.8,19.69,20.42
292,WestForest,Oak,Control,428.7,0.26,54.3,91.64,85.37,37.6,36.41,14.18,13.22
293,SouthForest,Mixed,Intervention,334.5,18.09,71.7,122.11,104.29,28.24,31.09,17.66,18.37
294,NorthForest,Pine,Intervention,433.7,1.7,52.8,50.43,37.77,30.7,34.39,13.81,14.49
295,SouthForest,Pine,Intervention,409.2,5.43,48.3,61.8,48.27,23.79,24.65,20.94,19.98
296,NorthForest,Mixed,Control,289.0,1.69,66.6,99.83,101.35,26.73,28.23,20.14,19.06
297,WestForest,Scrub,Intervention,336.2,1.47,38.7,118.9,98.31,28.03,30.1,22.13,21.26
298,SouthForest,Mixed,Control,560.8,3.75,97.6,144.3,134.89,28.04,28.23,22.04,22.54
299,NorthForest,Pine,Control,227.2,11.9,53.4,110.51,102.88,27.41,28.81,14.92,15.79
300,SouthForest,Oak,Control,559.5,5.1,58.8,101.67,98.9,23.56,24.18,11.97,13.34
301,NorthForest,Mixed,Intervention,696.8,1.64,72.8,128.27,123.3,25.21,30.45,22.46,22.25
302,WestForest,Mixed,Intervention,393.3,0.68,53.7,110.07,97.96,32.75,36.77,16.4,16.29
303,WestForest,Mixed,Intervention,385.1,7.99,46.8,172.32,155.83,16.1,22.48,17.19,17.32
304,NorthForest,Oak,Control,519.1,2.91,67.7,105.09,101.56,17.89,18.47,20.48,20.07
305,EastForest,Oak,Control,378.0,6.86,25.8,102.44,100.0,36.37,39.4,17.67,18.45
306,NorthForest,Pine,Control,652.4,1.53,81.2,134.58,130.8,30.0,30.18,18.6,17.82
307,WestForest,Pine,Intervention,465.9,9.13,84.4,113.11,103.72,35.15,39.4,20.6,19.97
308,SouthForest,Oak,Control,632.9,17.66,43.7,124.52,119.7,20.02,19.58,19.16,19.82
309,EastForest,Mixed,Intervention,567.0,5.66,47.3,105.02,90.84,18.42,23.18,14.74,15.89
310,WestForest,Oak,Intervention,319.9,9.47,100.0,126.74,107.27,34.05,35.69,16.88,17.17
311,WestForest,Pine,Control,347.9,4.45,63.3,149.51,138.72,42.06,42.46,16.89,15.87
312,NorthForest,Pine,Control,373.3,0.27,59.0,103.43,96.59,24.13,26.34,17.44,19.48
313,NorthForest,Mixed,Control,595.0,9.86,78.4,134.3,132.43,27.76,30.26,19.6,19.72
314,NorthForest,Pine,Control,219.7,6.06,48.4,96.72,91.87,37.95,38.58,14.86,14.32
315,WestForest,Oak,Control,365.2,6.7,75.3,93.39,83.99,16.01,17.65,19.9,19.54
316,WestForest,Mixed,Intervention,399.0,1.31,64.6,147.68,131.36,30.61,33.21,24.73,24.31
317,NorthForest,Pine,Control,578.9,2.13,62.4,127.07,125.4,24.38,26.62,21.38,21.65
318,EastForest,Pine,Control,436.5,3.3,48.6,139.29,135.61,28.09,31.52,19.73,19.34
319,NorthForest,Oak,Intervention,446.0,10.43,60.1,148.24,135.35,16.62,18.72,19.91,19.85
320,SouthForest,Scrub,Intervention,560.2,14.72,77.7,128.02,103.65,29.17,31.29,20.31,20.35
321,SouthForest,Oak,Control,275.0,3.19,62.2,89.39,82.7,20.85,21.86,15.4,14.65
322,SouthForest,Oak,Intervention,348.0,2.75,36.0,180.53,169.38,37.01,37.53,24.37,24.49
323,EastForest,Pine,Intervention,455.8,3.81,71.3,117.13,103.83,30.06,31.83,14.83,16.65
324,NorthForest,Mixed,Intervention,565.7,3.62,85.9,173.33,166.17,29.02,30.26,13.92,13.08
325,EastForest,Pine,Control,357.7,1.95,75.5,104.5,101.76,30.77,30.36,19.55,20.75
326,WestForest,Oak,Control,436.4,6.96,55.6,103.78,103.75,22.67,23.16,20.66,22.18
327,WestForest,Pine,Intervention,229.9,1.73,58.9,100.83,97.98,27.0,30.21,21.64,21.24
328,EastForest,Scrub,Control,467.0,9.18,59.7,84.99,96.09,21.75,23.71,19.75,21.0
329,SouthForest,Oak,Intervention,701.2,4.82,41.0,94.19,94.22,22.87,27.58,12.39,12.21
330,SouthForest,Pine,Intervention,438.3,14.34,51.1,136.15,125.22,19.45,21.28,16.41,16.87
331,NorthForest,Mixed,Control,476.0,11.04,64.4,92.83,96.23,28.05,24.88,19.97,19.64
332,NorthForest,Pine,Control,622.6,11.51,38.3,75.57,64.42,32.45,32.05,15.47,16.48
333,NorthForest,Pine,Intervention,246.5,1.81,53.8,95.1,82.79,22.21,25.09,21.27,20.6
334,SouthForest,Oak,Control,391.9,13.34,67.6,127.35,121.36,26.82,27.88,20.48,20.04
335,WestForest,Oak,Control,478.3,4.58,52.5,117.04,115.18,28.34,32.59,21.77,19.91
336,NorthForest,Pine,Intervention,380.9,2.41,42.5,136.38,131.2,31.11,33.89,22.67,23.72
337,SouthForest,Pine,Intervention,580.6,1.62,48.7,124.7,105.33,24.62,26.79,24.64,24.71
338,EastForest,Mixed,Intervention,386.3,3.37,57.5,136.73,118.19,16.92,16.54,14.6,13.72
339,SouthForest,Oak,Intervention,465.5,0.33,65.0,89.68,76.07,37.35,37.39,14.25,15.06
340,WestForest,Oak,Control,456.6,7.9,80.6,115.2,101.44,30.94,34.0,19.01,20.73
341,EastForest,Mixed,Control,467.6,6.0,42.4,98.07,88.21,34.85,37.7,19.39,20.12
342,EastForest,Mixed,Intervention,400.3,2.46,51.8,97.16,94.76,35.46,38.34,15.43,15.3
343,SouthForest,Mixed,Intervention,309.7,9.65,62.4,109.91,99.65,27.5,30.34,16.06,15.58
344,WestForest,Oak,Control,630.6,5.37,45.9,72.12,63.5,29.09,31.44,20.18,20.09
345,WestForest,Oak,Intervention,418.0,3.64,78.0,115.67,100.14,24.11,26.89,23.55,23.68
346,WestForest,Oak,Control,435.6,0.81,64.4,111.79,111.79,31.59,33.49,16.75,17.29
347,EastForest,Scrub,Control,646.5,4.42,45.4,104.47,101.38,35.03,37.35,21.73,23.13
348,EastForest,Pine,Control,477.4,0.76,67.7,166.77,165.34,43.92,42.51,16.42,17.5
349,WestForest,Pine,Control,197.4,4.85,82.9,132.62,127.56,30.11,29.9,17.9,16.43
350,SouthForest,Oak,Intervention,433.9,3.12,50.7,109.2,104.64,36.01,40.73,18.78,20.17
351,EastForest,Pine,Intervention,489.4,13.23,73.7,137.59,128.58,32.73,35.89,19.52,20.02
352,WestForest,Pine,Control,412.7,6.22,33.7,82.63,84.96,31.81,32.3,17.25,17.83
353,WestForest,Pine,Control,336.8,4.48,61.1,119.02,113.85,28.15,28.55,18.88,18.24
354,WestForest,Pine,Intervention,430.6,6.75,67.4,109.7,85.88,19.74,23.82,16.32,15.85
355,WestForest,Scrub,Control,206.2,2.53,72.6,71.04,73.63,39.85,41.4,17.22,17.27
356,NorthForest,Pine,Intervention,365.8,3.14,41.3,142.59,123.81,37.59,42.25,22.61,22.81
357,WestForest,Oak,Control,402.9,1.82,68.8,148.45,150.64,34.47,33.39,18.37,19.21
358,NorthForest,Pine,Intervention,606.8,2.57,70.0,99.47,85.95,24.56,29.77,19.25,19.23
359,EastForest,Mixed,Control,415.3,12.35,62.6,100.37,95.8,30.22,32.69,15.8,16.04
360,EastForest,Oak,Control,366.5,9.68,48.6,146.81,144.11,34.82,34.95,16.4,17.24
361,SouthForest,Mixed,Control,693.2,4.94,60.7,160.53,156.48,27.44,26.73,15.89,14.36
362,SouthForest,Oak,Control,501.8,7.85,65.5,119.98,108.08,23.38,23.25,16.8,16.78
363,SouthForest,Pine,Intervention,525.8,9.03,70.0,97.92,86.99,25.61,29.11,21.75,22.75
364,NorthForest,Pine,Intervention,477.9,15.7,56.9,126.97,108.63,28.54,31.85,21.88,22.32
365,EastForest,Oak,Control,434.8,9.9,60.7,116.29,118.68,38.82,41.22,15.41,15.2
366,EastForest,Pine,Intervention,675.6,3.1,53.0,124.29,110.73,23.3,25.68,19.34,19.26
367,WestForest,Pine,Control,608.1,8.3,76.1,134.68,126.48,28.58,27.4,21.78,22.82
368,EastForest,Oak,Control,356.1,5.27,63.7,133.02,127.24,30.13,30.32,18.24,18.81
369,NorthForest,Oak,Intervention,401.4,3.81,23.9,149.97,132.31,32.6,36.92,18.04,18.43
370,WestForest,Scrub,Intervention,549.9,8.45,59.7,158.59,137.82,24.16,27.08,20.81,21.31
371,SouthForest,Scrub,Intervention,570.9,4.04,57.4,105.95,91.5,25.68,26.39,20.47,20.15
372,SouthForest,Oak,Intervention,485.3,1.44,62.0,127.7,103.46,18.86,21.54,19.51,18.53
373,EastForest,Oak,Control,415.2,1.8,36.0,111.85,104.6,26.87,26.06,23.56,23.94
374,NorthForest,Scrub,Control,580.6,9.03,56.2,132.67,121.75,29.41,30.2,11.92,12.54
375,WestForest,Mixed,Intervention,467.4,4.78,51.9,112.82,95.18,30.57,34.93,18.38,19.52
376,SouthForest,Oak,Control,585.6,10.22,44.3,105.04,105.41,21.87,21.4,19.96,20.25
377,SouthForest,Mixed,Control,353.8,7.46,53.7,112.19,99.57,39.14,38.79,26.75,26.75
378,EastForest,Oak,Control,407.7,5.91,65.1,132.95,129.5,31.46,33.33,12.8,12.5
379,SouthForest,Oak,Intervention,510.0,1.97,43.2,122.05,110.13,17.72,17.73,20.87,21.19
380,SouthForest,Oak,Intervention,543.4,4.27,77.9,126.47,103.39,28.04,31.51,23.76,24.81
381,SouthForest,Oak,Intervention,495.7,2.88,42.6,77.02,66.59,19.24,22.26,18.0,18.91
382,NorthForest,Mixed,Intervention,411.7,6.54,63.0,122.4,115.07,22.4,26.46,14.23,12.97
383,SouthForest,Pine,Intervention,391.5,1.87,73.0,119.65,106.3,21.68,24.82,15.86,16.94
384,WestForest,Pine,Control,284.0,14.48,74.5,123.31,122.07,10.91,13.87,24.98,23.75
385,EastForest,Pine,Intervention,334.5,6.27,28.4,118.46,117.77,25.34,27.74,18.54,18.95
386,SouthForest,Pine,Intervention,317.4,13.34,47.5,105.56,88.12,22.55,25.56,16.76,16.9
387,EastForest,Pine,Control,516.4,0.14,45.1,116.14,113.39,38.17,39.72,13.59,12.58
388,EastForest,Oak,Control,612.3,6.93,40.9,103.47,102.25,30.28,30.83,22.61,21.96
389,EastForest,Pine,Control,581.0,0.38,50.8,96.38,84.73,28.84,32.97,21.86,21.97
390,SouthForest,Mixed,Control,400.6,6.71,72.4,106.32,102.01,15.66,16.01,22.27,23.41
391,EastForest,Scrub,Control,456.5,13.98,76.2,114.91,110.14,25.67,25.96,15.8,15.73
392,WestForest,Pine,Intervention,384.8,7.26,58.3,71.9,59.6,32.0,33.06,18.44,19.32
393,WestForest,Scrub,Control,536.0,7.36,18.0,123.84,121.65,29.5,26.45,16.19,16.89
394,NorthForest,Pine,Intervention,387.9,10.51,65.0,116.5,108.07,12.54,18.72,17.56,18.34
395,SouthForest,Mixed,Control,578.4,16.88,68.3,120.53,111.68,26.31,27.3,15.26,14.61
396,SouthForest,Pine,Control,364.1,4.7,71.2,98.22,88.56,34.65,33.81,23.54,23.58
397,EastForest,Pine,Intervention,240.8,3.49,61.9,131.58,111.03,23.67,25.89,15.29,15.85
398,NorthForest,Pine,Control,600.4,6.26,58.0,127.91,129.27,13.04,14.82,16.46,17.06
399,SouthForest,Mixed,Control,510.8,8.19,50.9,114.45,107.16,31.68,31.86,19.36,18.38
400,EastForest,Pine,Intervention,416.6,2.21,75.1,135.99,111.85,24.2,24.55,12.55,12.13
401,SouthForest,Mixed,Control,421.3,7.41,75.1,89.44,84.51,22.21,20.26,14.64,14.67
402,SouthForest,Mixed,Control,411.6,5.63,60.0,138.85,126.54,27.97,30.0,17.4,17.63
403,EastForest,Oak,Control,449.1,6.37,68.5,150.62,148.58,31.69,30.0,15.38,14.87
404,EastForest,Pine,Control,510.0,6.06,65.6,130.54,129.49,19.89,19.97,12.27,10.7
405,SouthForest,Mixed,Control,448.8,9.51,73.8,119.8,117.77,23.64,24.8,18.65,17.87
406,EastForest,Mixed,Control,465.7,4.44,53.8,105.64,109.37,15.45,17.81,20.12,20.14
407,SouthForest,Mixed,Control,590.8,1.55,68.7,122.1,120.6,26.82,27.55,20.14,20.54
408,SouthForest,Mixed,Control,554.6,10.49,35.7,156.72,148.24,21.13,22.69,16.93,16.66
409,WestForest,Oak,Control,535.9,0.53,50.6,73.35,72.72,15.75,16.1,19.48,18.88
410,NorthForest,Oak,Control,685.5,6.55,40.0,150.88,147.73,26.78,27.48,16.19,16.37
411,SouthForest,Mixed,Control,524.7,8.02,64.3,135.31,128.08,28.96,29.76,14.7,15.16
412,SouthForest,Oak,Control,378.6,3.65,40.5,94.17,82.53,32.57,32.08,15.11,13.9
413,SouthForest,Pine,Control,515.1,6.9,58.3,123.57,115.74,22.2,22.51,23.66,23.05
414,SouthForest,Pine,Intervention,573.7,2.77,38.7,140.2,132.6,18.47,21.24,17.9,18.98
415,WestForest,Mixed,Control,270.3,11.52,27.5,88.97,89.58,23.1,24.59,22.22,22.18
416,WestForest,Oak,Control,271.0,4.43,59.9,135.32,127.43,32.29,32.69,18.34,17.92
417,WestForest,Oak,Intervention,559.2,1.32,75.0,130.16,122.63,34.64,39.73,15.02,15.21
418,SouthForest,Mixed,Control,523.5,3.73,46.7,131.4,122.46,31.69,29.62,16.93,17.98
419,WestForest,Mixed,Intervention,689.5,9.5,45.9,188.69,175.11,29.98,30.71,14.21,13.34
420,NorthForest,Mixed,Intervention,216.0,5.57,49.9,104.02,103.22,31.93,36.11,18.56,18.84
421,NorthForest,Scrub,Control,421.7,4.28,63.7,137.22,134.1,25.34,24.23,18.0,17.85
422,SouthForest,Pine,Intervention,412.9,7.72,57.9,104.9,86.6,34.43,38.77,20.99,21.35
423,EastForest,Scrub,Control,544.6,4.55,64.0,105.38,96.41,40.34,39.63,18.89,19.19
424,NorthForest,Mixed,Control,627.6,3.13,30.8,118.01,112.58,29.08,31.51,17.73,18.46
425,WestForest,Oak,Control,405.1,3.63,51.7,104.91,99.43,27.13,26.97,18.3,19.59
426,EastForest,Oak,Control,599.5,1.68,61.7,110.35,104.3,30.19,30.35,17.23,17.99
427,EastForest,Mixed,Intervention,371.9,2.98,28.2,108.39,94.74,25.64,29.78,22.4,21.82
428,WestForest,Mixed,Intervention,444.2,3.52,50.7,138.31,127.29,26.75,29.71,19.28,18.98
429,EastForest,Oak,Intervention,377.9,6.87,45.5,125.35,120.94,33.8,35.54,15.53,15.98
430,EastForest,Pine,Control,509.1,5.69,67.4,137.07,135.18,28.13,26.76,18.97,18.22
431,SouthForest,Pine,Intervention,534.2,6.89,48.5,146.8,135.62,21.75,25.77,10.17,11.36
432,EastForest,Mixed,Intervention,444.4,14.2,44.1,106.39,94.38,27.28,31.6,21.81,21.93
433,NorthForest,Mixed,Intervention,553.3,1.43,69.6,86.56,77.47,28.87,31.95,16.03,15.9
434,SouthForest,Oak,Intervention,488.5,4.02,73.6,133.51,116.1,26.16,29.51,13.73,11.6
435,NorthForest,Pine,Intervention,497.4,13.43,38.0,135.24,116.55,23.43,27.51,20.43,21.11
436,SouthForest,Oak,Intervention,302.2,2.35,75.4,118.25,101.32,32.92,35.91,19.81,19.46
437,EastForest,Pine,Control,536.5,4.15,60.7,108.95,106.88,35.0,36.43,15.37,15.85
438,WestForest,Pine,Intervention,411.2,1.33,83.3,106.47,96.07,32.27,36.11,19.78,18.7
439,NorthForest,Pine,Intervention,397.0,3.48,53.7,110.64,95.5,33.9,33.14,23.15,22.69
440,WestForest,Pine,Control,506.0,7.51,66.2,124.64,119.51,15.02,16.81,21.37,21.6
441,EastForest,Scrub,Control,267.6,2.17,47.8,101.56,105.68,27.61,29.58,19.39,21.78
442,EastForest,Oak,Control,387.9,1.97,52.8,104.33,104.5,31.07,30.02,15.94,16.37
443,WestForest,Pine,Intervention,489.2,5.71,58.5,119.21,100.33,28.74,34.19,18.43,18.66
444,EastForest,Oak,Control,401.2,3.44,29.6,90.82,82.77,29.47,29.21,20.67,21.4
445,EastForest,Oak,Control,369.5,4.21,69.9,159.43,160.94,15.6,14.87,21.89,21.69
446,EastForest,Mixed,Control,578.0,9.01,81.1,131.76,124.1,31.03,29.6,15.9,16.94
447,NorthForest,Pine,Control,492.5,1.51,53.2,92.68,89.13,30.27,30.47,18.9,18.41
448,SouthForest,Scrub,Intervention,626.6,13.11,59.6,102.72,94.75,26.39,31.28,18.85,17.1
449,EastForest,Pine,Intervention,241.6,10.18,59.0,180.67,176.82,40.72,42.49,18.51,18.44
450,WestForest,Pine,Control,514.6,5.56,70.9,77.67,76.84,32.8,33.55,21.93,21.93
451,EastForest,Mixed,Control,400.4,5.69,63.3,127.92,124.11,12.03,11.56,15.39,16.32
452,WestForest,Pine,Intervention,448.4,3.93,74.8,73.8,62.57,12.89,13.23,23.21,23.42
453,NorthForest,Pine,Control,352.5,3.95,82.9,87.07,88.94,21.62,21.72,17.78,18.66
454,NorthForest,Pine,Intervention,422.1,8.23,65.8,97.05,79.2,26.52,31.77,19.48,20.49
455,SouthForest,Pine,Intervention,383.6,2.71,65.9,75.84,66.0,31.57,34.96,18.57,20.09
456,NorthForest,Scrub,Intervention,706.3,3.1,40.2,82.45,73.26,25.74,30.31,17.97,19.07
457,SouthForest,Scrub,Control,302.1,1.07,70.0,116.87,116.58,25.13,24.49,19.74,19.38
458,SouthForest,Pine,Intervention,471.9,9.83,62.0,127.18,112.52,32.88,35.99,17.8,17.21
459,SouthForest,Oak,Control,461.4,6.77,75.3,131.71,131.56,45.99,46.92,16.24,16.96
460,WestForest,Mixed,Intervention,615.1,5.22,56.7,133.14,122.75,27.37,29.07,18.93,17.27
461,SouthForest,Pine,Control,711.3,10.68,71.1,140.99,133.31,28.9,28.45,18.54,18.85
462,EastForest,Mixed,Control,491.0,6.61,53.5,109.47,109.66,30.6,29.63,19.77,19.35
463,NorthForest,Pine,Intervention,382.0,3.14,48.7,106.97,103.16,29.2,34.01,24.51,23.98
464,NorthForest,Mixed,Control,358.9,2.35,77.7,114.06,107.52,35.36,35.24,14.8,15.66
465,WestForest,Pine,Control,432.8,6.12,80.6,114.51,112.15,23.38,21.85,16.93,17.15
466,EastForest,Pine,Intervention,321.3,2.31,64.8,141.44,126.69,24.12,28.22,15.18,14.77
467,SouthForest,Pine,Control,489.8,3.63,53.4,141.86,136.75,19.26,19.81,15.65,15.29
468,SouthForest,Mixed,Control,403.4,2.07,36.9,127.2,124.85,27.08,26.99,19.61,20.55
469,WestForest,Scrub,Intervention,385.6,5.93,93.3,86.72,79.71,24.86,28.63,20.81,20.54
470,NorthForest,Oak,Intervention,484.8,8.51,34.5,93.98,89.02,24.1,29.78,19.11,19.57
471,NorthForest,Pine,Control,456.4,3.2,62.8,166.26,163.06,36.95,38.87,10.65,10.22
472,SouthForest,Mixed,Control,272.7,17.78,65.2,106.84,101.07,31.6,33.4,23.01,23.45
473,NorthForest,Scrub,Control,323.8,4.14,63.9,141.85,139.8,26.33,28.03,23.08,22.45
474,WestForest,Pine,Control,355.0,3.86,96.2,111.82,108.26,18.43,19.35,18.2,17.9
475,NorthForest,Oak,Control,389.2,3.0,63.5,110.08,103.46,42.65,43.06,22.4,24.34
476,NorthForest,Pine,Intervention,300.0,8.82,53.0,140.18,126.26,16.87,20.88,14.57,14.63
477,NorthForest,Oak,Intervention,576.1,5.65,56.2,127.62,130.87,29.03,31.12,16.06,15.63
478,WestForest,Oak,Control,512.7,7.78,67.0,129.48,116.52,20.87,23.61,12.27,11.74
479,EastForest,Pine,Intervention,698.4,1.57,55.9,129.38,115.88,28.33,33.36,20.25,20.83
480,SouthForest,Pine,Control,462.4,1.61,54.6,141.16,133.13,31.43,31.07,17.45,16.35
481,WestForest,Oak,Intervention,551.6,5.27,70.6,80.11,65.08,37.03,41.34,15.1,14.4
482,EastForest,Mixed,Control,533.9,11.62,50.4,99.38,98.9,28.43,30.5,23.51,23.18
483,NorthForest,Oak,Control,619.1,4.97,55.3,104.64,104.06,45.03,43.28,17.27,17.02
484,NorthForest,Oak,Intervention,611.0,14.77,83.4,108.7,99.71,26.43,30.61,19.36,20.67
485,EastForest,Scrub,Control,493.8,2.69,70.8,132.73,143.36,37.25,38.0,13.18,14.6
486,WestForest,Pine,Intervention,652.2,1.05,83.8,126.6,116.33,16.69,18.06,10.78,11.28
487,NorthForest,Oak,Intervention,506.2,6.01,78.4,149.88,141.72,20.51,21.62,18.64,17.13
488,SouthForest,Oak,Intervention,226.0,5.09,93.0,86.36,67.92,39.34,41.85,17.76,19.11
489,WestForest,Pine,Control,399.1,3.29,45.0,117.47,116.1,34.98,33.51,17.53,17.3
490,EastForest,Pine,Control,430.7,6.23,90.0,95.65,103.19,40.31,39.37,18.89,19.73
491,NorthForest,Pine,Control,410.0,0.93,74.0,148.83,149.03,26.74,26.18,24.46,24.59
492,WestForest,Mixed,Intervention,444.8,3.04,65.5,111.7,86.97,27.25,29.32,17.63,18.2
493,SouthForest,Oak,Intervention,462.8,6.49,68.0,93.45,84.87,17.81,20.86,11.38,10.7
494,SouthForest,Pine,Control,512.2,10.69,53.7,152.41,145.2,38.88,38.95,20.8,19.94
495,SouthForest,Pine,Control,630.5,3.98,64.4,125.82,122.4,37.93,39.92,15.94,15.25
496,NorthForest,Oak,Control,527.5,12.31,68.8,97.6,86.04,36.64,37.46,15.33,16.31
497,SouthForest,Pine,Intervention,409.5,6.6,71.6,113.08,103.89,33.43,36.34,20.99,20.6
498,SouthForest,Pine,Control,419.5,6.67,58.5,104.68,104.84,38.21,38.59,14.51,14.71
499,EastForest,Oak,Intervention,394.1,11.35,50.6,117.67,99.02,26.62,27.6,17.28,17.23
500,SouthForest,Mixed,Control,198.6,6.06,94.0,158.14,159.89,32.51,32.81,22.02,23.12
501,SouthForest,Scrub,Intervention,360.2,8.64,85.9,97.36,83.4,30.77,33.0,22.16,24.13
502,WestForest,Mixed,Control,521.9,8.67,69.3,87.08,86.17,24.65,26.98,13.0,13.12
503,NorthForest,Pine,Intervention,291.1,3.41,73.7,146.41,129.65,34.07,36.95,16.75,17.35
504,NorthForest,Oak,Control,507.0,8.78,73.3,125.29,121.19,27.82,27.51,15.95,16.76
505,NorthForest,Mixed,Control,711.6,3.1,56.3,105.02,97.01,37.87,39.92,17.07,17.76
506,EastForest,Mixed,Control,361.5,2.3,55.8,136.93,125.3,26.31,25.67,13.03,13.61
507,EastForest,Scrub,Intervention,499.5,14.51,42.9,139.85,123.46,30.98,32.73,21.42,22.73
508,WestForest,Pine,Control,455.2,2.47,48.3,161.47,163.67,30.94,31.16,11.82,11.22
509,WestForest,Scrub,Intervention,219.8,2.76,52.3,106.48,95.27,26.85,29.23,23.43,22.12
510,EastForest,Oak,Control,499.3,0.77,55.6,80.58,87.92,28.78,28.38,12.43,13.04
511,NorthForest,Oak,Intervention,539.8,6.1,58.9,93.92,87.37,24.92,28.23,13.67,14.49
512,EastForest,Pine,Control,528.7,1.96,50.1,69.55,61.25,37.04,33.45,14.74,16.55
513,EastForest,Pine,Control,289.8,12.95,67.0,101.78,94.93,33.86,33.44,21.23,21.32
514,WestForest,Mixed,Intervention,541.7,3.19,39.1,113.36,110.34,25.26,28.48,17.2,17.02
515,NorthForest,Oak,Control,216.8,2.6,77.6,100.53,87.96,38.23,38.33,16.47,16.83
516,NorthForest,Pine,Intervention,223.5,3.24,95.9,119.52,112.54,37.05,40.07,16.62,16.97
517,EastForest,Pine,Intervention,506.1,12.21,39.2,115.84,103.06,27.35,33.36,11.55,10.32
518,EastForest,Mixed,Intervention,528.0,2.94,49.9,168.77,156.39,23.16,24.81,16.13,16.18
519,WestForest,Mixed,Intervention,430.1,20.93,37.3,126.2,113.24,28.95,33.7,18.11,18.59
520,NorthForest,Mixed,Intervention,583.4,8.88,63.3,133.22,120.25,26.52,29.14,19.27,18.38
521,EastForest,Scrub,Intervention,504.9,4.44,76.5,140.81,120.57,35.64,38.11,22.87,23.0
522,EastForest,Oak,Intervention,520.7,2.52,76.4,130.29,112.07,27.85,29.42,20.19,21.16
523,NorthForest,Scrub,Intervention,362.6,2.04,60.5,100.57,83.6,16.71,19.48,20.8,21.34
524,WestForest,Mixed,Control,395.2,7.05,67.5,130.54,126.44,30.88,30.04,20.12,21.73
525,NorthForest,Oak,Control,417.3,15.23,56.7,102.33,99.75,27.2,30.51,16.22,16.72
526,SouthForest,Oak,Intervention,411.0,9.27,62.4,96.08,79.27,19.25,25.52,20.24,20.51
527,EastForest,Oak,Intervention,706.5,12.51,62.2,137.38,129.1,28.93,33.06,14.64,16.02
528,EastForest,Pine,Control,710.5,7.41,57.9,103.37,92.02,19.85,21.27,23.09,23.36
529,EastForest,Pine,Control,485.0,2.08,56.1,135.32,126.74,29.7,29.2,21.2,21.59
530,SouthForest,Mixed,Control,551.1,5.88,68.3,91.79,84.11,32.17,32.91,16.84,15.05
531,NorthForest,Pine,Control,330.4,5.48,47.6,133.17,129.22,28.1,29.27,14.67,15.28
532,SouthForest,Pine,Control,441.4,8.42,59.2,95.49,84.68,24.92,25.24,17.0,17.38
533,EastForest,Mixed,Control,328.5,15.0,62.0,88.9,80.03,25.38,27.95,14.57,14.75
534,SouthForest,Oak,Control,482.1,2.41,60.5,155.39,150.89,25.9,29.43,16.88,16.53
535,NorthForest,Scrub,Control,453.0,9.33,55.7,120.43,113.8,17.67,16.19,27.15,27.04
536,EastForest,Mixed,Control,431.1,1.97,67.2,80.76,76.77,23.25,22.62,21.38,22.52
537,SouthForest,Pine,Control,378.1,5.15,62.1,127.02,130.77,30.11,29.4,16.98,16.79
538,NorthForest,Oak,Intervention,345.0,2.15,72.0,87.45,76.53,34.21,38.03,17.03,17.18
539,EastForest,Oak,Control,423.6,1.82,50.0,124.88,126.96,24.22,23.41,20.07,20.02
540,NorthForest,Scrub,Intervention,376.5,2.85,46.3,124.54,113.58,24.1,24.92,19.36,19.77
541,EastForest,Scrub,Intervention,378.0,7.81,40.3,113.62,91.13,37.82,43.58,26.83,25.01
542,NorthForest,Oak,Intervention,705.4,6.85,73.7,116.94,106.99,15.93,20.22,13.46,11.91
543,WestForest,Oak,Intervention,328.6,5.22,88.6,102.33,91.76,27.08,31.1,17.67,17.8
544,WestForest,Pine,Intervention,455.1,0.45,57.9,111.94,94.14,30.06,33.05,18.83,17.89
545,EastForest,Mixed,Intervention,472.8,7.89,70.5,126.2,111.21,26.84,30.76,19.0,19.46
546,SouthForest,Oak,Control,222.3,11.62,100.0,118.76,119.38,26.38,26.46,13.26,13.34
547,EastForest,Pine,Intervention,411.3,4.66,46.7,161.62,150.62,32.37,31.85,20.94,21.6
548,WestForest,Mixed,Intervention,465.1,2.12,54.0,130.36,116.55,22.75,26.2,24.71,24.68
549,EastForest,Mixed,Control,551.1,4.7,46.7,121.56,112.75,18.97,22.12,20.33,19.72
550,SouthForest,Pine,Intervention,507.2,6.68,68.7,98.12,80.77,27.17,30.78,23.67,24.4
551,EastForest,Pine,Control,238.1,3.89,35.9,116.7,118.17,27.09,29.26,17.62,18.07
552,WestForest,Mixed,Intervention,521.9,2.78,52.9,110.11,100.39,36.76,41.17,15.12,14.33
553,NorthForest,Scrub,Intervention,390.2,1.27,65.4,157.62,141.01,26.2,29.18,16.82,17.72
554,EastForest,Oak,Intervention,522.7,10.72,48.0,162.78,153.06,28.78,31.99,20.94,20.11
555,NorthForest,Oak,Intervention,631.9,2.64,74.2,102.17,95.0,29.06,30.75,19.78,19.77
556,NorthForest,Mixed,Control,579.1,8.14,58.2,124.35,137.26,23.22,23.73,17.37,18.06
557,NorthForest,Mixed,Control,527.5,4.63,57.0,102.86,96.25,27.16,27.62,21.38,22.19
558,NorthForest,Pine,Intervention,270.0,12.69,42.7,118.87,117.12,34.4,38.06,15.36,15.66
559,SouthForest,Mixed,Intervention,381.8,3.1,78.5,98.29,94.29,35.14,38.25,12.89,13.44
560,NorthForest,Pine,Control,255.0,3.06,53.4,135.14,126.76,31.37,32.69,13.5,12.44
561,EastForest,Mixed,Intervention,483.4,10.3,45.6,90.57,81.18,20.32,25.63,15.2,15.87
562,NorthForest,Pine,Control,504.2,6.66,43.8,157.31,158.24,31.5,32.92,21.8,22.12
563,WestForest,Mixed,Intervention,615.6,8.5,80.6,109.95,100.51,31.58,30.37,16.02,15.4
564,WestForest,Pine,Intervention,301.4,3.71,65.9,143.46,140.41,18.4,21.45,16.14,15.82
565,EastForest,Pine,Control,570.7,13.28,49.1,137.98,135.04,36.81,36.59,16.2,15.04
566,EastForest,Mixed,Intervention,423.5,6.6,66.2,78.87,63.2,30.2,33.67,19.52,21.05
567,SouthForest,Oak,Intervention,521.9,9.15,50.1,105.54,90.67,24.1,26.55,17.95,17.81
568,SouthForest,Pine,Intervention,505.4,4.42,75.1,123.97,114.34,29.97,34.34,15.18,15.63
569,WestForest,Mixed,Control,472.5,6.95,52.1,121.59,126.23,14.71,14.77,16.33,16.17
570,WestForest,Pine,Control,390.3,4.03,62.6,96.91,92.7,33.05,33.84,18.46,17.94
571,SouthForest,Oak,Intervention,336.4,2.28,54.3,118.72,111.21,42.5,46.24,14.4,14.49
572,NorthForest,Pine,Intervention,249.5,1.76,50.0,106.73,99.62,26.92,31.45,24.92,26.52
573,SouthForest,Pine,Intervention,555.6,12.51,46.6,110.96,103.77,34.68,40.32,19.89,20.5
574,SouthForest,Oak,Control,356.4,10.02,66.6,104.39,104.7,19.15,21.79,23.14,23.17
575,SouthForest,Scrub,Control,372.9,2.27,57.9,149.08,145.88,29.44,28.38,18.31,17.76
576,WestForest,Oak,Intervention,226.6,6.85,61.2,161.57,152.87,29.2,31.92,14.97,15.8
577,NorthForest,Mixed,Intervention,492.0,1.41,61.9,117.91,106.65,27.02,29.26,21.73,22.42
578,SouthForest,Pine,Intervention,407.6,6.26,64.5,104.43,96.99,24.94,27.97,16.23,15.52
579,EastForest,Oak,Intervention,547.1,2.68,67.5,91.93,80.58,41.34,46.45,29.42,31.12
580,WestForest,Oak,Intervention,541.5,3.37,86.1,111.8,109.79,31.44,33.22,19.64,19.46
581,SouthForest,Oak,Intervention,404.7,4.86,73.6,120.76,115.27,36.18,40.19,23.1,22.82
582,SouthForest,Oak,Intervention,527.3,11.16,70.1,151.52,137.91,22.65,26.5,26.28,26.07
583,EastForest,Oak,Control,591.0,2.63,56.0,116.41,107.29,27.91,32.01,25.73,27.26
584,WestForest,Oak,Control,503.4,15.41,72.1,112.52,104.88,33.88,34.48,15.34,14.7
585,EastForest,Scrub,Intervention,476.2,0.76,56.6,155.71,145.18,28.3,33.23,17.46,17.52
586,EastForest,Oak,Intervention,361.0,3.08,56.9,137.13,132.73,40.67,45.16,22.49,22.69
587,WestForest,Scrub,Intervention,594.5,5.74,31.5,93.56,81.54,33.62,38.42,14.97,15.18
588,WestForest,Mixed,Control,481.1,5.49,68.6,171.53,175.07,27.32,28.71,18.35,18.5
589,NorthForest,Pine,Control,468.7,10.16,51.9,108.82,104.24,19.24,19.84,14.08,14.26
590,NorthForest,Pine,Control,557.6,7.9,58.6,79.9,70.65,29.0,31.28,13.24,12.84
591,SouthForest,Mixed,Intervention,555.8,3.76,57.5,135.14,124.98,29.19,33.37,19.58,18.33
592,WestForest,Scrub,Control,292.8,2.62,37.8,150.86,151.48,31.79,32.54,19.01,19.98
593,SouthForest,Oak,Control,545.4,3.45,85.8,115.25,112.95,33.41,34.08,19.07,19.55
594,NorthForest,Oak,Intervention,503.1,2.72,50.3,61.27,50.25,31.86,33.22,16.29,16.31
595,SouthForest,Oak,Control,296.2,1.79,65.1,120.25,118.23,37.66,38.32,17.27,16.56
596,SouthForest,Pine,Intervention,445.9,2.54,54.1,157.02,146.48,32.49,33.4,15.15,15.58
597,WestForest,Pine,Control,689.1,5.54,70.3,135.55,133.36,22.65,22.63,16.79,16.33
598,EastForest,Scrub,Intervention,625.5,6.43,67.9,119.68,108.54,30.26,35.12,23.18,23.89
599,WestForest,Mixed,Control,433.5,8.27,76.4,137.44,138.79,33.98,36.81,19.54,20.28
600,WestForest,Pine,Intervention,476.7,2.56,40.7,110.09,95.14,26.07,29.75,17.71,15.97
601,NorthForest,Pine,Control,293.4,4.07,31.5,141.17,134.85,28.31,28.55,16.71,18.78
602,EastForest,Mixed,Control,331.8,8.31,29.3,114.34,106.21,35.97,34.81,15.23,14.88
603,SouthForest,Mixed,Control,638.0,3.73,65.2,92.15,89.81,29.64,30.68,23.06,20.92
604,SouthForest,Pine,Control,383.9,5.28,29.7,154.34,149.64,31.9,31.53,16.96,18.14
605,EastForest,Oak,Intervention,455.8,2.43,93.2,156.85,149.1,29.54,33.46,17.42,17.32
606,NorthForest,Pine,Control,633.8,6.8,69.9,172.01,165.96,34.38,34.01,19.74,19.62
607,EastForest,Mixed,Intervention,538.0,3.06,79.7,119.03,98.72,33.03,36.05,21.21,21.27
608,NorthForest,Mixed,Control,531.8,2.23,72.7,162.15,161.27,17.45,17.3,23.8,23.15
609,NorthForest,Scrub,Intervention,441.0,3.44,72.6,134.91,125.74,33.8,37.57,14.19,13.47
610,SouthForest,Scrub,Intervention,384.9,1.48,69.0,90.99,78.86,37.68,39.19,17.44,17.98
611,SouthForest,Oak,Control,600.2,7.32,80.2,174.71,173.17,25.97,29.66,12.34,12.3
612,SouthForest,Oak,Control,256.1,4.66,50.9,110.42,105.11,23.13,24.88,15.2,14.81
613,EastForest,Pine,Intervention,569.8,5.57,40.3,84.44,87.01,24.28,28.33,15.78,16.35
614,EastForest,Mixed,Intervention,444.5,2.2,31.3,108.7,93.57,32.79,34.23,16.96,17.13
615,WestForest,Oak,Intervention,600.6,7.96,61.8,115.91,102.82,28.26,33.04,18.14,18.29
616,SouthForest,Scrub,Control,315.0,4.11,73.4,132.9,126.03,29.66,28.67,17.38,16.69
617,NorthForest,Oak,Control,363.9,6.96,57.1,101.67,104.61,25.24,26.4,17.56,17.68
618,WestForest,Pine,Intervention,705.9,5.35,25.2,128.39,120.39,24.75,27.41,21.23,22.09
619,NorthForest,Pine,Intervention,458.3,5.46,57.3,153.88,135.26,34.02,35.71,23.82,23.23
620,WestForest,Mixed,Intervention,448.9,2.46,31.2,110.55,106.12,18.17,19.23,15.28,16.75
621,EastForest,Mixed,Intervention,476.6,4.6,64.4,160.91,156.51,33.85,37.72,11.91,11.99
622,EastForest,Pine,Intervention,356.6,4.12,54.3,174.32,161.99,18.31,20.02,21.12,22.24
623,WestForest,Mixed,Control,329.1,10.42,75.2,154.35,158.73,30.39,31.9,15.42,16.23
624,NorthForest,Mixed,Intervention,511.4,6.49,56.6,123.6,107.05,37.26,41.43,14.63,16.01
625,WestForest,Scrub,Control,233.8,11.82,71.3,122.51,115.37,27.61,30.77,13.53,12.89
626,SouthForest,Oak,Control,537.4,1.55,56.2,134.27,129.2,31.69,31.31,13.67,13.59
627,WestForest,Mixed,Intervention,427.6,5.28,40.4,81.54,73.36,22.21,24.51,16.42,15.82
628,WestForest,Mixed,Intervention,474.5,13.32,58.8,84.1,62.33,32.39,36.46,22.0,21.45
629,EastForest,Oak,Control,670.4,3.12,82.7,111.29,104.42,28.48,28.86,19.9,20.91
630,EastForest,Oak,Intervention,531.2,6.64,31.9,114.95,104.41,30.89,34.14,20.35,19.22
631,WestForest,Mixed,Intervention,340.5,1.99,73.5,129.6,118.95,16.34,19.61,19.56,19.64
632,NorthForest,Pine,Intervention,516.6,8.82,78.3,133.04,121.9,24.14,26.18,17.71,17.24
633,SouthForest,Pine,Control,641.4,0.93,36.7,109.28,104.65,30.18,30.48,22.61,22.41
634,SouthForest,Mixed,Control,222.4,4.0,75.8,108.44,105.31,23.08,20.3,19.45,18.91
635,SouthForest,Pine,Intervention,489.5,2.36,45.3,144.41,121.75,27.47,30.7,17.39,17.77
636,EastForest,Oak,Control,585.9,8.28,82.7,89.51,88.91,27.99,27.29,18.19,18.6
637,WestForest,Scrub,Intervention,452.5,7.17,68.9,120.33,105.19,39.87,42.93,20.49,19.79
638,NorthForest,Pine,Control,399.9,3.65,89.9,113.19,106.87,20.95,22.69,20.78,20.78
639,EastForest,Oak,Control,536.2,5.89,78.6,101.75,92.27,18.66,17.02,16.25,17.34
640,WestForest,Scrub,Intervention,331.8,5.99,59.5,128.92,118.71,26.88,29.73,16.82,16.46
641,WestForest,Oak,Intervention,438.1,13.69,55.6,155.28,146.5,25.59,28.29,16.09,16.71
642,SouthForest,Pine,Control,424.9,8.47,69.2,139.27,135.62,30.45,30.28,18.18,17.77
643,NorthForest,Pine,Intervention,461.8,7.45,70.3,109.21,98.03,31.59,33.79,22.14,22.71
644,SouthForest,Pine,Intervention,508.3,2.64,51.2,120.03,96.64,18.4,23.44,15.98,15.6
645,WestForest,Mixed,Intervention,443.7,11.76,78.9,125.49,105.58,18.69,21.67,19.3,20.62
646,SouthForest,Mixed,Control,632.8,4.07,77.1,127.78,121.11,34.79,36.61,13.48,12.07
647,NorthForest,Mixed,Intervention,432.0,11.64,66.8,104.71,87.24,42.19,47.0,19.98,20.29
648,WestForest,Oak,Control,364.7,4.95,54.6,164.36,170.37,14.09,18.19,21.47,22.39
649,EastForest,Pine,Control,763.7,6.11,94.3,138.5,136.13,26.38,23.97,15.51,15.11
650,WestForest,Pine,Control,415.0,4.9,43.5,112.58,94.8,24.75,24.03,16.6,16.37
651,EastForest,Mixed,Control,272.3,12.77,44.7,85.19,89.47,37.45,39.77,20.42,20.13
652,NorthForest,Pine,Intervention,538.6,6.14,48.5,101.71,91.62,28.7,33.41,14.2,14.97
653,WestForest,Oak,Control,393.3,0.29,55.3,150.95,147.01,30.89,31.5,20.71,21.03
654,EastForest,Mixed,Intervention,599.3,4.26,63.2,138.91,127.52,24.72,27.92,21.31,22.57
655,WestForest,Mixed,Control,389.7,4.56,68.7,124.29,123.31,18.9,21.58,14.65,14.24
656,WestForest,Mixed,Intervention,560.3,5.25,70.3,126.49,123.49,23.6,26.55,20.19,20.37
657,NorthForest,Oak,Control,423.1,3.65,55.7,148.89,138.49,25.89,27.11,18.78,20.39
658,WestForest,Mixed,Control,572.3,4.38,40.4,133.09,126.7,14.46,15.46,17.45,18.4
659,WestForest,Pine,Intervention,415.3,18.64,33.5,108.07,87.82,29.21,36.46,18.64,20.08
660,NorthForest,Oak,Control,274.2,2.13,65.0,150.3,148.96,5.0,5.0,17.76,17.84
661,SouthForest,Mixed,Intervention,238.8,12.46,46.5,147.69,139.62,38.89,42.63,20.94,19.63
662,WestForest,Oak,Intervention,422.8,9.05,63.6,169.27,155.86,41.0,45.9,14.13,14.83
663,EastForest,Pine,Intervention,197.9,23.8,44.0,94.67,85.81,18.03,18.95,15.85,16.22
664,EastForest,Mixed,Intervention,564.8,5.25,66.8,178.68,173.95,32.11,37.79,20.7,20.93
665,NorthForest,Pine,Intervention,645.5,3.13,42.9,146.94,129.86,34.53,38.82,15.3,15.95
666,NorthForest,Pine,Intervention,268.9,6.86,42.3,102.96,91.16,44.59,48.15,23.9,25.0
667,SouthForest,Pine,Intervention,487.7,3.19,51.1,104.43,90.57,29.59,33.55,13.54,13.57
668,WestForest,Mixed,Intervention,272.2,6.22,64.1,112.45,98.06,30.37,32.84,18.56,19.58
669,SouthForest,Oak,Intervention,535.0,4.15,70.5,189.03,188.93,25.92,30.15,13.53,14.19
670,SouthForest,Mixed,Intervention,481.8,2.51,68.6,156.69,134.19,31.04,33.36,15.53,15.61
671,WestForest,Oak,Intervention,381.7,3.69,64.2,124.82,117.25,27.4,29.46,19.1,19.65
672,NorthForest,Oak,Intervention,577.6,1.09,69.2,147.03,146.21,42.82,47.16,16.59,18.42
673,WestForest,Mixed,Intervention,478.5,8.17,44.3,99.3,92.99,25.58,27.77,12.7,12.63
674,WestForest,Pine,Control,472.5,1.77,62.0,149.51,146.13,38.22,36.37,20.93,20.52
675,EastForest,Oak,Control,433.7,12.68,72.7,83.44,78.99,33.49,33.09,16.44,17.34
676,EastForest,Pine,Intervention,263.2,9.7,70.1,130.25,121.0,35.56,37.48,22.74,24.19
677,EastForest,Pine,Control,498.5,1.77,55.4,127.07,127.92,19.87,18.2,24.16,22.59
678,SouthForest,Pine,Intervention,372.9,12.49,51.7,147.11,133.86,7.89,13.41,21.19,21.97
679,WestForest,Oak,Control,381.0,11.38,52.4,126.34,113.1,22.71,24.43,17.35,18.35
680,EastForest,Pine,Intervention,348.9,2.62,65.2,101.01,82.97,24.5,26.7,19.1,19.39
681,WestForest,Mixed,Intervention,369.7,3.44,57.0,100.66,86.94,29.26,31.23,12.98,12.93
682,NorthForest,Mixed,Intervention,266.3,5.67,77.9,113.42,97.6,25.06,28.23,17.94,17.53
683,EastForest,Pine,Control,516.4,7.04,65.2,180.44,171.01,30.41,30.09,14.64,14.27
684,WestForest,Oak,Control,251.2,2.17,70.4,112.87,104.15,39.42,40.03,15.32,15.71
685,EastForest,Mixed,Intervention,625.7,8.41,60.2,118.79,103.67,19.76,22.7,18.85,18.13
686,NorthForest,Scrub,Control,423.5,10.39,58.1,96.0,84.47,19.63,19.22,17.49,17.6
687,EastForest,Pine,Control,510.4,1.57,49.9,134.37,134.84,12.65,15.31,16.05,15.56
688,NorthForest,Pine,Control,204.2,6.77,73.6,138.59,139.5,25.55,27.84,12.94,13.6
689,SouthForest,Pine,Intervention,469.7,10.17,75.5,85.73,75.53,30.49,35.42,20.15,20.55
690,WestForest,Scrub,Control,325.3,6.75,49.0,129.17,127.04,37.59,38.64,16.08,17.18
691,NorthForest,Mixed,Intervention,302.7,5.78,45.0,140.6,126.4,19.98,22.64,12.08,11.7
692,SouthForest,Pine,Intervention,322.2,3.71,83.8,99.83,103.48,19.71,22.6,19.39,20.34
693,WestForest,Pine,Control,457.2,14.46,69.9,143.82,151.41,30.65,28.37,18.14,18.63
694,SouthForest,Oak,Intervention,598.0,5.75,88.8,124.43,111.28,42.67,44.52,13.98,14.75
695,NorthForest,Oak,Control,324.9,16.0,60.8,148.35,156.73,29.16,30.79,17.36,16.81
696,NorthForest,Mixed,Control,466.0,3.81,49.9,136.41,133.44,30.76,33.34,15.42,15.96
697,NorthForest,Mixed,Control,609.2,8.33,73.3,128.65,121.08,42.65,42.22,15.83,15.3
698,EastForest,Mixed,Intervention,629.9,4.56,50.9,126.15,105.11,38.11,39.38,24.18,26.49
699,EastForest,Oak,Intervention,506.3,1.91,73.6,143.95,118.4,32.23,37.03,22.1,22.04
700,WestForest,Oak,Control,262.5,3.01,60.8,103.65,97.43,36.44,38.6,23.94,23.39
701,WestForest,Mixed,Control,655.0,0.45,58.6,96.89,88.56,19.9,17.98,17.65,17.21
702,EastForest,Mixed,Control,251.2,5.18,71.9,108.64,105.22,20.96,20.42,16.6,15.99
703,WestForest,Pine,Control,385.7,10.0,65.1,131.65,130.99,31.73,31.79,20.52,20.61
704,NorthForest,Pine,Control,386.5,8.35,60.7,113.88,112.12,19.85,22.09,15.49,15.16
705,NorthForest,Mixed,Intervention,535.4,14.83,43.2,91.7,94.38,31.9,33.48,16.76,16.68
706,SouthForest,Pine,Control,284.6,12.85,45.6,120.28,130.04,18.46,21.2,14.48,12.12
707,WestForest,Mixed,Intervention,328.9,7.77,46.7,151.34,134.19,33.78,35.25,13.98,14.95
708,EastForest,Pine,Control,483.5,8.02,47.8,140.76,132.39,23.37,24.06,20.52,20.96
709,EastForest,Oak,Intervention,219.2,6.38,59.9,93.43,77.09,19.85,21.6,20.91,20.66
710,WestForest,Mixed,Intervention,522.8,10.52,68.4,83.09,71.27,32.37,34.57,18.31,18.47
711,WestForest,Mixed,Control,711.4,8.68,39.4,161.4,155.58,27.68,28.89,20.75,19.46
712,NorthForest,Pine,Intervention,410.6,5.46,39.9,136.16,125.08,34.06,35.78,19.42,18.64
713,WestForest,Oak,Intervention,309.5,4.76,57.7,118.38,100.48,33.92,37.59,18.73,18.16
714,NorthForest,Mixed,Intervention,668.9,1.74,100.0,117.28,105.06,24.37,29.34,17.41,18.98
715,SouthForest,Oak,Control,540.1,0.47,58.0,106.05,98.07,30.33,29.18,15.28,16.2
716,WestForest,Oak,Control,596.7,6.7,58.0,146.57,140.89,36.66,35.93,16.19,16.14
717,WestForest,Oak,Intervention,489.1,6.79,59.7,93.38,78.14,20.94,23.28,16.78,17.3
718,EastForest,Mixed,Control,602.0,4.46,50.4,97.47,85.55,21.36,23.57,16.85,17.25
719,SouthForest,Oak,Control,589.5,9.75,63.4,117.72,116.38,26.2,26.18,20.26,20.26
720,SouthForest,Mixed,Control,443.9,5.44,65.8,151.48,142.27,35.76,35.05,19.46,18.0
721,EastForest,Mixed,Intervention,330.6,7.1,50.6,125.87,101.44,29.4,33.53,15.05,14.52
722,SouthForest,Mixed,Intervention,325.9,2.37,47.5,92.4,77.45,26.19,29.61,22.41,23.33
723,EastForest,Mixed,Intervention,432.8,11.82,58.1,123.73,102.97,19.57,20.32,19.82,19.95
724,WestForest,Mixed,Intervention,361.5,3.71,63.8,140.78,121.99,23.68,26.54,22.9,23.24
725,NorthForest,Oak,Intervention,327.8,7.24,69.3,71.64,54.82,27.13,28.18,18.97,18.86
726,WestForest,Mixed,Control,575.0,11.13,56.5,127.16,127.61,33.32,36.8,17.92,17.52
727,EastForest,Pine,Control,317.8,4.19,55.1,113.43,107.02,18.92,20.15,8.85,8.41
728,WestForest,Oak,Control,258.4,1.12,50.2,119.89,114.88,29.43,31.11,15.84,16.15
729,SouthForest,Mixed,Control,469.2,3.35,59.7,112.64,106.43,40.9,41.63,19.22,19.12
730,NorthForest,Scrub,Intervention,554.5,1.46,76.7,62.46,55.21,25.8,26.75,19.79,20.78
731,NorthForest,Mixed,Control,346.2,1.52,42.2,138.23,133.75,24.69,25.0,19.37,20.1
732,SouthForest,Scrub,Control,582.8,11.59,49.9,67.36,70.19,29.18,28.56,12.96,13.13
733,WestForest,Mixed,Intervention,286.7,8.25,65.2,119.08,96.96,26.49,30.41,16.28,17.52
734,EastForest,Oak,Control,655.1,6.66,44.2,105.54,108.54,20.19,21.84,17.39,17.42
735,SouthForest,Oak,Control,578.7,1.24,49.4,133.07,133.01,22.11,21.98,18.18,18.43
736,EastForest,Mixed,Control,312.3,3.7,70.5,137.89,132.72,22.62,23.89,18.78,17.98
737,NorthForest,Mixed,Intervention,653.3,1.47,78.5,121.22,116.6,22.94,27.22,18.82,17.99
738,EastForest,Pine,Intervention,445.9,2.5,66.5,102.52,93.64,19.98,23.74,18.6,19.13
739,WestForest,Pine,Control,221.7,7.27,33.2,120.23,108.74,14.69,16.93,15.72,15.49
740,NorthForest,Oak,Control,349.3,1.67,56.2,87.21,94.39,35.65,35.53,18.76,18.73
741,NorthForest,Pine,Intervention,421.4,8.51,96.1,168.59,143.62,22.31,26.75,16.67,16.43
742,NorthForest,Mixed,Intervention,348.8,3.73,71.9,132.43,122.9,27.32,31.78,21.41,20.89
743,SouthForest,Oak,Control,595.5,9.4,81.4,135.86,125.64,37.78,35.51,15.61,14.34
744,NorthForest,Pine,Intervention,593.1,1.82,72.4,178.77,163.93,18.09,21.52,21.83,20.87
745,EastForest,Pine,Intervention,157.3,2.44,64.0,57.2,41.81,35.8,38.57,18.88,18.2
746,NorthForest,Oak,Control,676.1,10.89,90.7,80.51,71.9,19.9,21.45,17.66,17.49
747,EastForest,Mixed,Control,515.0,12.1,51.7,151.2,148.69,26.9,26.68,19.03,20.63
748,SouthForest,Mixed,Control,529.5,5.39,78.8,153.42,143.69,24.31,23.58,15.69,14.24
749,WestForest,Pine,Control,411.3,12.43,40.1,97.08,88.04,15.75,18.27,14.64,12.9
750,WestForest,Mixed,Control,585.4,6.47,46.6,127.71,121.26,23.46,24.01,17.88,18.15
751,SouthForest,Oak,Intervention,482.1,4.84,37.4,127.13,108.86,20.0,22.78,16.21,16.62
752,EastForest,Mixed,Control,529.8,5.0,39.0,120.13,115.17,34.16,33.61,15.3,15.37
753,NorthForest,Pine,Intervention,426.0,1.15,60.7,153.79,145.33,31.04,32.92,16.9,18.07
754,WestForest,Oak,Control,266.3,2.81,50.9,91.7,86.27,32.45,33.85,16.96,17.21
755,SouthForest,Mixed,Control,456.0,8.38,66.9,83.84,78.85,27.64,28.64,20.76,18.76
756,WestForest,Scrub,Control,437.9,4.34,52.6,113.48,111.71,24.19,26.06,21.89,23.15
757,NorthForest,Pine,Intervention,396.3,4.35,17.7,151.62,143.87,32.15,34.32,21.91,22.06
758,SouthForest,Pine,Intervention,373.5,22.13,74.7,118.61,119.04,19.0,21.28,18.8,18.35
759,EastForest,Pine,Intervention,358.7,11.67,55.5,125.7,113.34,16.7,18.7,14.78,14.3
760,SouthForest,Oak,Control,445.0,11.75,77.6,108.84,101.07,27.21,27.32,22.0,21.61
761,WestForest,Pine,Control,483.8,3.54,46.5,113.09,104.16,19.03,19.78,14.23,14.75
762,WestForest,Pine,Intervention,411.3,13.76,60.0,112.56,96.52,32.98,35.88,21.44,21.33
763,NorthForest,Pine,Intervention,404.8,6.02,56.2,112.82,103.87,25.48,26.75,12.45,11.87
764,NorthForest,Mixed,Intervention,502.0,5.15,88.5,124.33,108.63,37.01,41.28,22.3,21.98
765,NorthForest,Pine,Control,346.9,4.09,94.3,130.73,125.16,22.57,20.81,19.39,20.42
766,WestForest,Pine,Intervention,444.5,12.34,54.0,134.97,120.55,30.83,34.27,14.96,13.33
767,SouthForest,Oak,Intervention,257.6,20.45,80.2,149.75,136.88,32.11,33.46,16.31,16.26
768,NorthForest,Oak,Control,533.3,0.73,63.9,114.79,115.68,37.97,39.47,17.33,17.59
769,WestForest,Oak,Control,385.7,6.74,55.3,107.92,99.76,22.87,22.92,13.44,13.47
770,NorthForest,Mixed,Intervention,346.4,1.21,54.8,101.69,94.42,36.41,38.47,19.25,19.74
771,SouthForest,Mixed,Control,544.5,1.48,52.9,139.46,131.86,27.37,25.23,17.41,18.28
772,WestForest,Mixed,Intervention,506.5,3.03,49.4,103.82,96.54,21.07,22.16,20.89,22.63
773,EastForest,Oak,Control,412.3,1.07,83.2,111.93,113.33,28.52,28.97,21.94,21.54
774,EastForest,Pine,Intervention,581.2,17.05,67.4,114.98,97.71,29.55,32.72,20.12,19.89
775,EastForest,Mixed,Control,353.0,3.63,83.6,161.64,151.49,21.61,22.51,15.85,15.72
776,WestForest,Oak,Intervention,413.8,5.05,59.2,134.2,113.96,32.11,36.29,14.39,14.5
777,WestForest,Mixed,Control,507.2,6.72,48.7,113.63,110.08,25.57,24.66,20.36,19.46
778,SouthForest,Pine,Intervention,412.9,1.37,25.4,48.52,29.74,28.22,31.05,16.16,16.59
779,WestForest,Oak,Intervention,381.3,1.3,70.7,168.05,164.47,26.85,32.57,18.21,18.4
780,SouthForest,Scrub,Control,294.7,6.52,35.2,175.6,171.94,32.58,32.41,20.28,18.16
781,WestForest,Scrub,Intervention,361.3,4.94,35.0,99.28,88.39,29.85,35.13,20.18,20.25
782,WestForest,Oak,Control,637.2,10.62,63.0,127.49,125.29,31.69,30.33,18.22,18.77
783,WestForest,Oak,Control,505.1,11.25,55.0,114.35,110.9,26.17,26.35,18.14,18.65
784,WestForest,Pine,Intervention,516.5,0.95,64.4,142.95,131.78,31.5,34.81,14.31,14.44
785,EastForest,Mixed,Control,513.8,4.08,54.6,114.38,100.39,37.33,36.36,23.04,23.64
786,EastForest,Oak,Intervention,772.8,1.24,68.8,132.56,121.97,27.33,30.37,23.03,22.59
787,EastForest,Pine,Control,366.1,1.14,33.8,90.75,84.25,25.28,27.17,18.49,18.16
788,EastForest,Scrub,Intervention,480.4,11.27,75.8,121.19,117.3,25.01,28.83,16.35,16.02
789,WestForest,Pine,Control,499.3,2.83,84.1,103.35,104.39,28.86,27.43,15.86,16.25
790,EastForest,Pine,Control,483.1,2.79,100.0,158.47,153.33,30.81,31.3,17.06,15.64
791,WestForest,Pine,Intervention,500.3,8.62,56.3,104.41,99.14,36.82,38.11,17.01,15.5
792,NorthForest,Pine,Intervention,255.6,6.58,66.3,111.5,96.46,27.37,29.85,19.22,18.8
793,SouthForest,Mixed,Intervention,487.7,4.71,72.9,101.77,88.44,32.81,33.98,12.42,14.63
794,SouthForest,Mixed,Intervention,351.5,5.33,56.1,132.5,114.31,15.39,19.29,15.76,16.19
795,WestForest,Pine,Control,367.7,10.09,67.2,121.92,119.62,36.87,38.49,17.85,17.07
796,EastForest,Mixed,Intervention,510.2,11.05,70.4,103.35,92.01,22.67,24.64,19.73,20.79
797,EastForest,Oak,Control,507.2,6.23,50.7,150.37,141.71,27.18,26.08,22.72,21.15
798,SouthForest,Mixed,Intervention,606.7,6.74,62.2,143.01,133.63,30.16,33.7,20.02,21.83
799,WestForest,Mixed,Intervention,286.0,16.69,41.7,121.36,102.78,28.2,32.42,23.24,23.28
800,NorthForest,Pine,Control,359.7,6.02,61.4,116.17,106.0,30.27,30.71,19.22,20.56
801,WestForest,Oak,Control,439.5,3.06,28.5,145.03,139.81,19.12,19.13,22.34,22.07
802,WestForest,Mixed,Control,452.4,5.26,66.2,99.56,100.22,19.71,19.4,22.35,22.73
803,NorthForest,Oak,Intervention,688.5,17.94,43.7,105.2,90.76,43.29,48.45,18.86,19.25
804,NorthForest,Mixed,Control,356.1,12.82,90.2,111.21,97.95,28.7,28.92,18.03,18.13
805,NorthForest,Oak,Intervention,441.9,9.82,63.7,138.67,124.81,15.35,15.76,19.46,19.02
806,EastForest,Oak,Intervention,517.7,7.66,42.1,125.74,109.73,32.66,35.77,21.82,21.05
807,NorthForest,Pine,Intervention,597.2,9.72,90.7,137.49,129.12,17.59,22.59,19.43,19.86
808,WestForest,Oak,Control,435.8,15.39,59.5,104.91,98.64,23.41,24.86,19.62,19.51
809,NorthForest,Pine,Control,408.0,4.13,82.9,149.77,155.44,26.96,25.73,15.8,16.03
810,EastForest,Mixed,Control,434.8,14.87,60.6,118.58,115.4,21.63,21.17,21.43,20.95
811,EastForest,Pine,Intervention,386.0,3.31,65.9,147.21,137.45,27.9,30.05,20.5,20.16
812,EastForest,Oak,Intervention,627.3,3.38,64.0,109.5,87.49,14.68,17.5,14.34,14.1
813,WestForest,Mixed,Intervention,672.1,5.82,61.4,112.13,91.24,23.25,26.65,20.45,20.77
814,EastForest,Pine,Intervention,341.3,0.92,64.9,101.91,86.53,35.38,38.2,24.46,23.9
815,SouthForest,Mixed,Control,584.2,6.94,62.8,146.75,149.95,32.48,31.48,22.05,22.66
816,WestForest,Mixed,Intervention,412.7,2.81,58.0,96.27,90.66,22.67,26.14,21.78,21.89
817,SouthForest,Scrub,Intervention,195.9,1.65,59.6,130.88,121.18,26.19,29.31,22.79,23.25
818,WestForest,Mixed,Control,316.5,5.3,65.4,104.14,98.2,22.46,22.97,21.7,21.87
819,EastForest,Scrub,Control,678.3,2.88,83.6,113.04,105.99,28.15,31.41,16.58,16.7
820,WestForest,Scrub,Control,429.6,16.78,66.9,99.84,89.8,20.21,19.2,21.29,21.47
821,WestForest,Oak,Intervention,297.9,17.37,30.5,112.7,99.22,22.92,24.55,16.12,16.96
822,SouthForest,Mixed,Control,391.3,8.15,48.8,128.85,119.76,30.32,29.82,22.78,22.57
823,NorthForest,Mixed,Control,479.5,1.96,67.5,116.02,115.13,20.1,18.82,18.28,18.11
824,SouthForest,Mixed,Control,443.2,3.15,65.2,107.52,91.49,26.05,26.44,14.5,13.84
825,SouthForest,Pine,Intervention,175.6,9.43,57.1,117.35,121.32,20.73,23.42,15.59,16.0
826,NorthForest,Scrub,Control,366.8,5.33,30.4,56.72,51.81,21.19,20.63,18.53,18.43
827,WestForest,Mixed,Intervention,426.0,3.95,50.9,145.59,128.86,27.06,31.89,18.15,17.81
828,WestForest,Mixed,Control,643.3,3.04,49.0,97.73,95.95,34.74,34.51,20.3,21.68
829,EastForest,Oak,Intervention,372.2,0.79,73.5,119.4,107.58,31.54,33.53,26.29,26.55
830,SouthForest,Pine,Control,658.9,2.4,71.8,130.29,127.41,28.81,29.78,19.69,19.39
831,SouthForest,Mixed,Intervention,572.6,3.17,68.8,128.61,111.99,28.03,33.1,19.76,19.83
832,EastForest,Mixed,Intervention,379.3,7.32,36.4,120.32,108.15,26.03,28.09,20.18,20.0
833,EastForest,Scrub,Control,488.3,7.35,44.0,103.19,103.64,29.34,31.28,18.42,17.91
834,SouthForest,Pine,Control,451.0,3.22,75.1,103.36,102.0,20.45,17.65,18.53,19.66
835,NorthForest,Pine,Intervention,419.3,5.98,73.6,113.27,103.12,27.22,31.86,17.78,17.97
836,WestForest,Mixed,Intervention,396.8,9.35,68.8,75.17,67.25,36.15,39.59,23.13,24.08
837,SouthForest,Oak,Control,532.7,4.99,41.4,145.1,128.68,39.15,38.42,16.79,17.93
838,WestForest,Mixed,Control,522.7,7.15,60.0,107.69,108.16,28.09,30.66,15.14,16.23
839,NorthForest,Oak,Control,429.8,1.82,40.5,147.91,145.53,25.29,27.25,13.17,13.76
840,NorthForest,Mixed,Control,439.2,20.25,54.3,87.82,82.65,32.61,32.85,18.62,18.84
841,SouthForest,Pine,Control,487.2,3.07,40.5,105.49,103.14,41.74,41.82,20.05,19.96
842,EastForest,Pine,Control,406.8,2.1,70.4,126.74,124.61,24.55,22.43,18.72,19.23
843,EastForest,Oak,Control,366.3,6.06,59.8,164.76,169.66,25.79,27.25,22.5,22.42
844,NorthForest,Pine,Intervention,419.0,3.44,45.7,111.2,110.71,24.23,26.31,16.94,17.09
845,SouthForest,Oak,Intervention,457.8,3.08,66.3,141.24,129.65,30.62,34.44,23.57,22.6
846,NorthForest,Pine,Intervention,640.7,0.41,74.1,173.14,166.22,33.55,33.77,17.31,17.39
847,SouthForest,Oak,Control,523.2,4.15,43.2,127.49,120.45,27.98,28.4,25.77,26.04
848,NorthForest,Oak,Control,449.0,3.12,72.0,115.61,117.64,22.49,24.13,17.48,17.85
849,NorthForest,Mixed,Intervention,174.9,13.06,21.1,94.74,85.01,17.54,18.34,22.93,22.45
850,EastForest,Pine,Control,338.1,13.71,40.8,153.11,140.63,36.24,33.75,13.53,13.64
851,NorthForest,Oak,Intervention,346.1,3.19,40.5,125.07,116.29,17.88,21.5,18.18,17.83
852,WestForest,Oak,Intervention,600.0,5.3,71.7,118.87,106.2,32.08,35.07,19.36,18.81
853,SouthForest,Mixed,Intervention,484.3,3.27,42.3,108.49,98.67,28.44,31.53,22.29,22.52
854,EastForest,Oak,Control,465.2,6.04,55.1,112.14,110.07,30.52,31.32,24.51,23.9
855,SouthForest,Scrub,Control,366.8,17.75,53.8,128.77,118.06,25.17,26.81,23.41,23.97
856,SouthForest,Oak,Control,496.0,3.37,54.5,91.58,87.78,37.61,37.62,19.8,19.47
857,NorthForest,Pine,Control,335.6,17.03,81.6,180.89,172.85,23.77,24.33,17.77,17.69
858,EastForest,Mixed,Control,356.2,1.18,46.7,139.02,138.1,34.1,34.38,14.11,15.06
859,NorthForest,Mixed,Intervention,401.5,3.29,50.6,119.7,119.97,26.95,28.99,17.77,18.07
860,EastForest,Pine,Control,161.8,3.95,65.8,156.47,149.2,39.42,40.32,18.61,19.58
861,NorthForest,Oak,Intervention,349.7,9.13,52.6,118.1,109.15,40.11,45.67,19.73,18.35
862,EastForest,Pine,Control,268.1,16.56,58.8,50.04,49.69,18.61,18.26,17.75,18.76
863,WestForest,Mixed,Control,674.4,16.0,54.7,77.43,68.51,22.94,24.83,15.88,16.27
864,WestForest,Pine,Control,470.9,3.04,60.2,119.78,109.09,27.25,27.04,22.31,22.96
865,EastForest,Pine,Intervention,355.6,1.82,49.7,164.07,154.55,24.27,26.63,21.09,21.96
866,SouthForest,Pine,Intervention,291.3,7.73,72.9,178.97,160.64,27.31,30.93,16.41,16.3
867,EastForest,Mixed,Intervention,515.8,4.44,52.4,79.07,62.23,39.47,42.0,21.22,21.04
868,EastForest,Pine,Intervention,483.1,6.29,71.6,80.69,65.68,23.94,26.64,19.27,20.58
869,SouthForest,Mixed,Intervention,489.8,7.23,43.1,153.35,144.68,31.26,35.24,17.59,17.15
870,WestForest,Oak,Control,420.4,6.04,65.0,122.26,110.3,23.27,23.61,27.88,26.93
871,WestForest,Oak,Intervention,299.3,2.71,51.7,127.77,105.54,30.23,35.24,14.39,14.72
872,SouthForest,Pine,Intervention,520.3,5.71,53.8,127.7,113.41,41.42,44.48,16.78,16.46
873,WestForest,Scrub,Control,456.7,17.29,74.5,90.87,82.87,13.96,13.09,24.4,23.9
874,EastForest,Oak,Intervention,507.7,2.66,52.8,120.85,107.74,30.16,33.8,19.23,18.02
875,NorthForest,Pine,Control,549.5,2.63,81.9,84.05,83.61,31.31,31.23,19.21,19.37
876,NorthForest,Mixed,Intervention,376.5,10.57,90.9,136.62,120.78,37.57,45.22,13.88,14.21
877,EastForest,Mixed,Control,398.1,16.33,60.0,136.61,127.93,14.28,13.05,22.62,22.11
878,NorthForest,Mixed,Intervention,442.9,4.61,46.8,97.03,73.47,29.72,33.47,19.09,20.34
879,NorthForest,Pine,Intervention,475.2,7.09,50.7,129.09,117.17,28.35,34.94,19.79,19.98
880,WestForest,Mixed,Control,256.3,6.03,61.1,129.09,133.97,28.98,28.76,14.12,16.28
881,SouthForest,Oak,Intervention,462.2,3.71,57.1,110.86,103.98,23.89,23.64,24.22,25.72
882,WestForest,Pine,Intervention,567.3,8.07,75.5,141.24,130.86,12.78,17.16,16.74,17.74
883,SouthForest,Mixed,Intervention,438.8,11.87,62.1,120.1,110.89,29.38,33.39,16.65,16.54
884,EastForest,Oak,Control,389.2,9.33,83.5,133.43,122.28,20.24,19.88,17.53,19.26
885,NorthForest,Oak,Control,334.5,3.88,29.6,157.34,161.1,29.34,29.07,18.6,18.39
886,NorthForest,Mixed,Control,455.0,18.06,65.1,120.35,114.49,30.31,28.8,16.06,15.98
887,EastForest,Pine,Intervention,698.9,6.58,40.2,114.91,99.28,39.4,41.86,21.22,20.28
888,SouthForest,Oak,Intervention,717.8,9.49,57.3,106.66,95.05,23.18,27.57,18.1,17.92
889,SouthForest,Mixed,Control,704.7,4.22,55.9,115.74,106.48,18.49,19.57,15.38,16.34
890,EastForest,Oak,Intervention,465.7,16.44,62.1,136.05,121.83,33.84,36.79,14.04,13.4
891,EastForest,Oak,Intervention,313.8,2.78,42.5,80.14,72.85,13.06,13.46,21.35,21.32
892,NorthForest,Pine,Control,637.7,4.21,68.4,123.44,119.39,32.43,34.91,20.51,22.23
893,NorthForest,Oak,Intervention,663.7,2.87,60.4,136.56,118.78,28.06,34.59,18.16,19.72
894,NorthForest,Pine,Control,479.5,6.46,68.9,122.86,128.33,29.63,27.72,17.09,18.43
895,SouthForest,Oak,Intervention,488.2,1.24,30.1,92.77,86.77,22.48,25.39,16.04,14.33
896,WestForest,Scrub,Control,514.4,3.8,77.1,149.16,149.48,21.06,21.1,17.93,19.06
897,EastForest,Mixed,Control,700.8,8.19,42.1,99.58,86.98,36.3,36.81,16.35,15.44
898,WestForest,Pine,Control,436.5,0.41,63.6,99.76,95.7,37.83,37.22,17.01,17.81
899,NorthForest,Scrub,Intervention,418.9,7.1,36.2,81.58,70.96,24.72,27.45,15.49,15.97
900,SouthForest,Mixed,Control,465.7,6.53,72.4,105.54,104.92,23.46,26.9,20.15,20.39
901,EastForest,Pine,Control,427.9,3.65,58.7,82.95,83.5,18.88,19.65,19.75,19.94
902,NorthForest,Pine,Intervention,543.4,2.9,73.2,131.93,113.09,29.75,32.8,16.96,17.92
903,WestForest,Scrub,Intervention,362.8,8.66,87.6,117.34,105.43,30.45,32.4,14.56,15.64
904,EastForest,Mixed,Control,635.0,1.99,75.7,84.84,72.5,30.16,30.28,15.19,14.82
905,NorthForest,Pine,Intervention,273.6,4.88,4.4,157.27,150.24,24.2,28.1,22.36,22.44
906,WestForest,Pine,Control,407.9,3.39,33.4,138.18,139.23,20.62,19.9,18.02,17.5
907,SouthForest,Pine,Control,483.1,3.96,77.9,56.25,53.29,41.56,39.25,23.71,23.33
908,NorthForest,Pine,Intervention,481.0,18.95,41.7,119.88,106.16,24.39,26.78,17.89,18.24
909,NorthForest,Oak,Control,442.4,2.9,66.4,130.99,133.44,23.4,22.7,16.71,17.0
910,SouthForest,Oak,Control,614.0,3.57,80.0,122.4,103.8,23.56,27.66,23.95,23.28
911,EastForest,Pine,Intervention,534.2,4.31,66.5,134.7,119.73,17.27,22.8,16.87,17.07
912,EastForest,Pine,Control,341.4,6.82,51.4,100.91,95.0,40.88,41.74,15.94,14.93
913,EastForest,Mixed,Intervention,447.2,1.36,84.6,107.4,99.19,28.54,31.37,15.1,14.38
914,SouthForest,Mixed,Control,289.0,2.77,46.3,144.73,139.91,29.97,31.01,18.85,17.69
915,SouthForest,Oak,Intervention,477.4,4.36,38.6,104.01,87.86,26.04,30.08,15.96,15.0
916,SouthForest,Pine,Control,479.0,2.82,68.7,122.29,113.61,24.86,24.43,18.33,19.14
917,EastForest,Pine,Intervention,840.2,1.34,51.5,122.2,120.76,38.12,43.82,19.61,19.01
918,EastForest,Oak,Control,494.5,3.42,82.3,107.97,107.18,25.7,23.26,19.35,19.75
919,WestForest,Scrub,Intervention,270.0,1.9,68.4,137.74,124.1,24.49,26.57,20.57,19.49
920,WestForest,Oak,Control,502.6,1.56,81.1,43.85,35.12,29.28,30.92,19.56,19.36
921,NorthForest,Mixed,Control,385.9,14.98,21.9,126.59,123.14,35.19,34.88,20.79,20.84
922,EastForest,Oak,Intervention,401.1,1.31,86.5,132.33,106.68,27.02,28.2,19.75,19.42
923,WestForest,Mixed,Intervention,621.4,19.83,38.0,112.92,96.55,45.4,51.18,17.58,17.73
924,WestForest,Pine,Intervention,423.0,9.12,60.9,116.53,99.99,30.84,36.24,19.17,19.73
925,WestForest,Mixed,Intervention,342.3,2.47,71.0,135.25,123.29,36.91,41.3,22.93,21.99
926,NorthForest,Pine,Intervention,640.6,5.37,68.2,145.63,136.79,33.95,35.32,23.69,23.33
927,SouthForest,Oak,Intervention,389.0,6.17,67.2,123.37,109.78,34.39,40.43,21.26,21.77
928,EastForest,Scrub,Control,375.8,4.85,38.1,98.34,92.62,30.27,30.92,15.82,15.11
929,EastForest,Scrub,Control,470.8,7.5,76.7,137.72,136.14,34.48,32.61,11.95,11.84
930,WestForest,Oak,Intervention,480.3,5.59,68.1,101.17,83.45,26.01,29.69,11.71,11.68
931,NorthForest,Mixed,Intervention,586.0,2.57,55.1,108.65,103.78,22.5,24.2,17.98,17.37
932,WestForest,Pine,Intervention,578.6,7.31,49.0,106.54,87.17,30.43,31.83,16.2,16.74
933,SouthForest,Mixed,Control,351.8,3.04,77.2,101.47,95.62,20.77,19.89,20.68,20.32
934,WestForest,Oak,Control,366.0,23.7,47.6,122.27,128.75,28.19,27.24,24.29,24.43
935,EastForest,Pine,Intervention,328.8,3.31,72.0,88.08,73.2,29.68,31.69,18.98,19.62
936,SouthForest,Pine,Intervention,490.8,5.86,45.1,87.97,88.53,34.52,35.67,17.51,18.71
937,EastForest,Mixed,Intervention,364.1,1.22,59.1,140.64,136.46,33.21,36.2,17.56,18.19
938,SouthForest,Mixed,Intervention,397.1,11.45,43.0,125.76,109.31,15.86,19.91,15.01,14.1
939,EastForest,Oak,Control,524.9,4.79,57.1,105.79,104.03,33.48,34.7,17.16,18.11
940,WestForest,Pine,Control,504.0,12.8,61.4,115.91,109.73,22.9,24.15,17.71,17.76
941,SouthForest,Oak,Control,323.0,0.3,46.7,120.99,115.15,18.58,20.09,19.83,20.05
942,NorthForest,Mixed,Control,419.0,7.73,44.9,105.8,96.48,31.29,31.26,14.66,13.78
943,WestForest,Mixed,Intervention,418.9,11.48,56.2,174.53,153.62,38.98,43.25,23.32,22.34
944,EastForest,Mixed,Control,293.3,3.92,55.7,139.28,135.58,28.32,29.1,16.23,16.23
945,WestForest,Scrub,Intervention,562.1,7.64,57.3,124.37,114.5,13.87,17.63,20.81,20.96
946,SouthForest,Oak,Intervention,161.3,10.29,81.3,117.3,100.84,33.43,36.37,23.76,23.64
947,EastForest,Oak,Control,726.6,7.32,58.9,79.36,78.22,30.28,29.5,20.0,21.96
948,SouthForest,Scrub,Intervention,485.3,7.02,80.5,107.03,92.14,28.77,32.71,15.99,16.06
949,SouthForest,Pine,Intervention,304.6,4.08,43.3,127.32,110.03,32.03,32.89,15.36,13.74
950,WestForest,Pine,Intervention,636.8,1.04,65.1,174.39,162.86,31.87,34.75,19.21,19.16
951,WestForest,Pine,Intervention,494.9,8.46,50.2,91.4,76.25,29.75,31.32,20.38,21.72
952,EastForest,Pine,Control,288.7,3.07,77.3,155.56,148.46,37.0,35.66,19.14,19.27
953,WestForest,Oak,Control,323.1,11.52,71.3,91.56,93.55,25.2,26.39,18.66,19.97
954,EastForest,Oak,Control,107.7,8.13,64.8,130.79,128.85,19.03,19.63,21.86,21.51
955,NorthForest,Scrub,Intervention,435.9,15.68,62.7,122.66,115.63,16.41,19.13,27.31,26.77
956,SouthForest,Oak,Intervention,396.8,3.52,63.6,92.92,79.46,24.33,27.09,20.62,20.55
957,NorthForest,Scrub,Intervention,397.6,4.27,61.7,144.32,137.24,39.46,42.85,25.17,25.3
958,WestForest,Pine,Control,460.5,1.7,55.8,102.64,89.86,29.11,26.54,25.03,24.26
959,SouthForest,Pine,Control,391.1,15.11,54.7,141.91,132.61,18.21,17.4,18.19,17.94
960,WestForest,Mixed,Control,475.2,3.16,67.2,109.44,104.22,21.94,21.52,15.58,15.59
961,SouthForest,Mixed,Intervention,108.1,4.08,72.2,89.78,71.72,19.07,25.5,18.25,17.57
962,EastForest,Pine,Control,277.7,7.37,41.0,154.56,148.85,43.46,43.09,11.55,11.99
963,EastForest,Oak,Control,547.0,7.93,62.6,80.28,74.95,23.57,21.42,18.29,17.79
964,SouthForest,Mixed,Intervention,583.3,1.05,62.0,136.13,113.09,26.03,31.52,18.02,16.62
965,EastForest,Oak,Intervention,208.3,8.97,68.2,118.5,114.84,29.07,32.61,26.29,25.98
966,EastForest,Pine,Control,268.8,7.72,53.5,112.91,112.93,29.66,28.52,23.97,25.16
967,EastForest,Oak,Intervention,801.5,6.31,56.9,110.4,91.59,26.6,28.85,18.5,19.38
968,EastForest,Oak,Intervention,662.0,8.68,52.9,112.82,101.85,27.27,28.83,19.34,19.94
969,WestForest,Pine,Intervention,205.6,5.39,71.8,88.65,75.32,33.14,37.62,16.26,16.64
970,SouthForest,Mixed,Intervention,567.6,6.67,84.5,137.09,128.01,28.83,30.09,18.38,20.05
971,SouthForest,Oak,Control,463.2,1.05,81.3,168.01,167.47,28.87,30.86,17.77,18.28
972,NorthForest,Oak,Control,400.0,1.6,69.3,112.74,106.42,11.39,10.41,15.89,16.36
973,EastForest,Oak,Control,421.9,1.18,48.1,150.18,146.87,30.42,31.68,19.96,20.13
974,EastForest,Mixed,Control,759.4,9.24,73.7,129.54,112.31,35.18,35.26,16.63,18.99
975,EastForest,Pine,Intervention,532.8,1.12,30.7,153.22,140.87,21.23,21.54,19.3,20.43
976,WestForest,Pine,Intervention,469.2,0.62,84.5,131.18,115.31,34.94,36.65,24.53,24.81
977,EastForest,Oak,Intervention,548.0,10.5,42.9,74.02,57.38,43.78,46.75,16.24,16.76
978,NorthForest,Mixed,Control,355.5,1.35,26.1,140.63,141.67,23.0,21.78,24.04,22.43
979,SouthForest,Oak,Control,731.5,6.21,58.1,134.31,121.18,31.95,33.0,14.56,14.63
980,EastForest,Mixed,Intervention,622.6,4.33,81.1,167.99,161.79,37.25,41.75,14.64,14.73
981,EastForest,Pine,Intervention,615.3,4.2,60.3,124.34,116.43,15.54,15.59,18.98,19.25
982,SouthForest,Oak,Control,385.8,4.45,66.8,119.81,118.5,36.51,36.12,17.77,18.11
983,NorthForest,Oak,Intervention,514.7,4.23,29.5,136.3,122.18,25.58,26.93,17.93,18.04
984,WestForest,Oak,Intervention,328.8,5.24,57.4,107.0,99.49,34.22,36.06,17.42,16.12
985,WestForest,Mixed,Intervention,368.3,12.74,57.4,115.33,104.08,28.15,31.61,19.44,18.91
986,NorthForest,Pine,Intervention,663.2,5.06,63.8,132.8,116.23,26.27,27.18,20.45,21.15
987,SouthForest,Oak,Control,413.1,10.25,81.5,105.07,91.91,38.83,38.81,21.12,21.51
988,EastForest,Oak,Control,434.1,4.62,36.4,136.53,133.48,34.25,33.73,18.98,19.61
989,NorthForest,Pine,Intervention,420.4,0.61,66.9,133.15,113.79,29.66,32.83,15.01,15.45
990,WestForest,Pine,Control,471.4,10.9,71.8,108.17,108.37,50.38,52.66,22.78,22.71
991,NorthForest,Oak,Intervention,496.7,18.48,34.0,161.08,146.48,30.92,32.31,17.62,18.31
992,NorthForest,Oak,Intervention,387.3,11.55,64.2,123.09,106.83,31.15,34.13,17.72,17.21
993,SouthForest,Oak,Control,361.2,11.36,69.7,104.26,104.66,27.26,30.18,17.48,16.94
994,SouthForest,Pine,Intervention,625.4,6.69,64.7,115.9,110.12,24.83,28.51,15.44,16.11
995,WestForest,Scrub,Control,533.6,5.94,57.0,155.02,151.47,32.73,31.15,12.82,13.07
996,EastForest,Pine,Control,408.4,2.06,26.8,118.22,115.71,19.88,20.57,20.45,20.46
997,SouthForest,Oak,Control,542.5,3.95,52.2,151.99,142.99,21.2,21.67,16.81,17.08
998,NorthForest,Oak,Control,513.3,2.34,47.8,148.27,146.29,28.55,31.61,21.47,22.63
999,EastForest,Oak,Control,416.7,3.79,56.8,136.07,130.17,22.62,20.55,20.18,20.64
1000,WestForest,Pine,Intervention,664.6,8.32,74.6,130.35,119.39,23.34,26.03,22.86,22.84
